	gisaid_epi_isl
38	EPI_ISL_778843
658	EPI_ISL_792522
659	EPI_ISL_792523
660	EPI_ISL_792524
661	EPI_ISL_792525
806	EPI_ISL_1014646
807	EPI_ISL_1014645
914	EPI_ISL_1035785
1020	EPI_ISL_1010704
1024	EPI_ISL_1010709
1532	EPI_ISL_845805
1567	EPI_ISL_942895
2157	EPI_ISL_775245
2158	EPI_ISL_775242
2162	EPI_ISL_1005536
2166	EPI_ISL_1005538
3077	EPI_ISL_944736
3082	EPI_ISL_944737
3095	EPI_ISL_944738
3097	EPI_ISL_968081
3099	EPI_ISL_944739
3107	EPI_ISL_944747
3108	EPI_ISL_944748
10263	EPI_ISL_854756
10310	EPI_ISL_933778
17862	EPI_ISL_596743
18064	EPI_ISL_605850
18315	EPI_ISL_1017678
20056	EPI_ISL_934671
20130	EPI_ISL_1008244
20308	EPI_ISL_632278
20321	EPI_ISL_632260
20346	EPI_ISL_684033
20347	EPI_ISL_684032
20354	EPI_ISL_682320
20360	EPI_ISL_678270
20390	EPI_ISL_684031
20729	EPI_ISL_943561
20746	EPI_ISL_959309
21220	EPI_ISL_890188
21235	EPI_ISL_774976
21383	EPI_ISL_754231
21433	EPI_ISL_913498
21451	EPI_ISL_954779
21456	EPI_ISL_954766
21468	EPI_ISL_954771
21478	EPI_ISL_961189
21490	EPI_ISL_961200
21520	EPI_ISL_978855
21531	EPI_ISL_978866
21547	EPI_ISL_978793
21548	EPI_ISL_978794
21604	EPI_ISL_911433
21615	EPI_ISL_891249
21655	EPI_ISL_978829
21656	EPI_ISL_978830
21665	EPI_ISL_913600
21940	EPI_ISL_949073
21942	EPI_ISL_949075
21943	EPI_ISL_949076
21981	EPI_ISL_949163
21985	EPI_ISL_940572
21992	EPI_ISL_940578
21993	EPI_ISL_940579
22015	EPI_ISL_953441
22056	EPI_ISL_953378
22080	EPI_ISL_949095
22081	EPI_ISL_948997
22105	EPI_ISL_949109
22113	EPI_ISL_949117
22147	EPI_ISL_940587
22150	EPI_ISL_940588
22200	EPI_ISL_953435
22203	EPI_ISL_953381
22218	EPI_ISL_995514
22234	EPI_ISL_995530
22235	EPI_ISL_1014907
22242	EPI_ISL_995536
22254	EPI_ISL_1014931
22512	EPI_ISL_846550
22513	EPI_ISL_846551
22544	EPI_ISL_846576
22597	EPI_ISL_982274
22602	EPI_ISL_982276
22606	EPI_ISL_982279
22607	EPI_ISL_982280
22608	EPI_ISL_982281
22609	EPI_ISL_982282
22610	EPI_ISL_982283
22621	EPI_ISL_982291
22622	EPI_ISL_982292
22623	EPI_ISL_982293
22624	EPI_ISL_982294
22629	EPI_ISL_977491
22748	EPI_ISL_718004
23796	EPI_ISL_678454
24171	EPI_ISL_856735
24448	EPI_ISL_959569
24481	EPI_ISL_959597
24500	EPI_ISL_930614
24504	EPI_ISL_930631
24591	EPI_ISL_965471
24612	EPI_ISL_965472
24629	EPI_ISL_965473
24679	EPI_ISL_965469
24701	EPI_ISL_965508
24781	EPI_ISL_984622
24783	EPI_ISL_1036609
24811	EPI_ISL_1036619
24819	EPI_ISL_984626
24822	EPI_ISL_984627
24838	EPI_ISL_984625
24839	EPI_ISL_984623
24840	EPI_ISL_984624
24854	EPI_ISL_1015531
24966	EPI_ISL_939654
24993	EPI_ISL_984282
25001	EPI_ISL_996006
25042	EPI_ISL_1039953
25043	EPI_ISL_1039956
26253	EPI_ISL_845568
26295	EPI_ISL_845575
26316	EPI_ISL_890293
26408	EPI_ISL_845617
26553	EPI_ISL_896474
26669	EPI_ISL_913838
26679	EPI_ISL_913853
26719	EPI_ISL_935208
26723	EPI_ISL_935212
26724	EPI_ISL_935213
26725	EPI_ISL_935214
26727	EPI_ISL_935216
26728	EPI_ISL_935217
26729	EPI_ISL_935218
26730	EPI_ISL_935219
26731	EPI_ISL_935220
26732	EPI_ISL_935221
26733	EPI_ISL_935222
26734	EPI_ISL_935223
26735	EPI_ISL_935224
26736	EPI_ISL_935225
26737	EPI_ISL_935226
26767	EPI_ISL_935256
26768	EPI_ISL_935257
26773	EPI_ISL_935262
26792	EPI_ISL_935281
26793	EPI_ISL_935282
26794	EPI_ISL_935283
26883	EPI_ISL_995569
26948	EPI_ISL_995634
26952	EPI_ISL_995638
26964	EPI_ISL_995650
27006	EPI_ISL_995692
27007	EPI_ISL_995693
27008	EPI_ISL_1001041
27009	EPI_ISL_1000993
27010	EPI_ISL_1014940
27163	EPI_ISL_770471
27164	EPI_ISL_770472
27165	EPI_ISL_770475
27166	EPI_ISL_770470
27168	EPI_ISL_949068
27169	EPI_ISL_944790
27171	EPI_ISL_940844
27172	EPI_ISL_965178
27174	EPI_ISL_962886
27184	EPI_ISL_965181
27186	EPI_ISL_965909
27187	EPI_ISL_965264
27192	EPI_ISL_962880
27193	EPI_ISL_940768
27198	EPI_ISL_968214
27202	EPI_ISL_770473
27203	EPI_ISL_968857
27204	EPI_ISL_770474
27205	EPI_ISL_940765
27206	EPI_ISL_969034
27209	EPI_ISL_940762
27210	EPI_ISL_871872
27230	EPI_ISL_792639
27233	EPI_ISL_792642
27243	EPI_ISL_906075
27244	EPI_ISL_906069
27245	EPI_ISL_906076
27246	EPI_ISL_906077
27247	EPI_ISL_906070
27248	EPI_ISL_906080
27249	EPI_ISL_906081
27250	EPI_ISL_940614
27251	EPI_ISL_940615
27252	EPI_ISL_940616
27253	EPI_ISL_906071
27254	EPI_ISL_940617
27255	EPI_ISL_940618
27256	EPI_ISL_940620
27257	EPI_ISL_940623
27258	EPI_ISL_940624
27259	EPI_ISL_940626
27260	EPI_ISL_940627
27261	EPI_ISL_943987
27262	EPI_ISL_943990
27270	EPI_ISL_792560
27275	EPI_ISL_833136
27276	EPI_ISL_811149
27282	EPI_ISL_833137
27285	EPI_ISL_833138
27286	EPI_ISL_833139
27287	EPI_ISL_833140
27295	EPI_ISL_1034304
27296	EPI_ISL_1034306
27297	EPI_ISL_833167
27299	EPI_ISL_833169
27300	EPI_ISL_833170
27301	EPI_ISL_833171
27302	EPI_ISL_833172
27303	EPI_ISL_833173
27304	EPI_ISL_833174
27305	EPI_ISL_833175
27306	EPI_ISL_833176
27311	EPI_ISL_918534
27312	EPI_ISL_918499
27313	EPI_ISL_918500
27314	EPI_ISL_918501
27315	EPI_ISL_918502
27316	EPI_ISL_918503
27319	EPI_ISL_918504
27321	EPI_ISL_918505
27322	EPI_ISL_918506
27323	EPI_ISL_918507
27325	EPI_ISL_918508
27326	EPI_ISL_918509
27327	EPI_ISL_918510
27328	EPI_ISL_918511
27333	EPI_ISL_804819
27334	EPI_ISL_804827
27336	EPI_ISL_804824
27337	EPI_ISL_804823
27341	EPI_ISL_804828
27343	EPI_ISL_804829
27347	EPI_ISL_804821
27350	EPI_ISL_804814
27351	EPI_ISL_804820
27355	EPI_ISL_804816
27362	EPI_ISL_918553
27364	EPI_ISL_918555
27365	EPI_ISL_918556
27366	EPI_ISL_918557
27367	EPI_ISL_918558
27368	EPI_ISL_918559
27369	EPI_ISL_918560
27370	EPI_ISL_918561
27399	EPI_ISL_756294
27419	EPI_ISL_978522
27430	EPI_ISL_978532
27444	EPI_ISL_918536
27445	EPI_ISL_918537
27446	EPI_ISL_918538
27448	EPI_ISL_918540
27449	EPI_ISL_918541
27450	EPI_ISL_918542
27451	EPI_ISL_918543
27452	EPI_ISL_918544
27487	EPI_ISL_882657
27505	EPI_ISL_943989
27506	EPI_ISL_1039691
27507	EPI_ISL_1039692
27508	EPI_ISL_1039693
27509	EPI_ISL_1039694
27510	EPI_ISL_1039695
27658	EPI_ISL_918514
27660	EPI_ISL_918516
27661	EPI_ISL_918517
27663	EPI_ISL_918519
27664	EPI_ISL_918520
27665	EPI_ISL_918521
27667	EPI_ISL_918523
27668	EPI_ISL_918524
27669	EPI_ISL_918525
27670	EPI_ISL_918526
27671	EPI_ISL_918527
27672	EPI_ISL_918528
27673	EPI_ISL_918529
27674	EPI_ISL_918530
27675	EPI_ISL_918545
27676	EPI_ISL_918546
27677	EPI_ISL_918547
27678	EPI_ISL_918548
27679	EPI_ISL_918549
27680	EPI_ISL_904120
27681	EPI_ISL_904121
27683	EPI_ISL_918552
27739	EPI_ISL_848608
27741	EPI_ISL_848607
27742	EPI_ISL_848559
27743	EPI_ISL_848560
27744	EPI_ISL_848558
27745	EPI_ISL_848606
27746	EPI_ISL_848557
27786	EPI_ISL_792562
27821	EPI_ISL_792634
27822	EPI_ISL_792635
27944	EPI_ISL_940613
27946	EPI_ISL_792645
27947	EPI_ISL_792646
27951	EPI_ISL_792650
27952	EPI_ISL_792651
27953	EPI_ISL_792652
28182	EPI_ISL_717921
28183	EPI_ISL_717922
28186	EPI_ISL_717924
28187	EPI_ISL_717925
28188	EPI_ISL_717926
28189	EPI_ISL_717927
28190	EPI_ISL_717928
28191	EPI_ISL_717929
28192	EPI_ISL_717930
28193	EPI_ISL_717931
28194	EPI_ISL_717932
28195	EPI_ISL_717933
28196	EPI_ISL_717934
28197	EPI_ISL_717935
28198	EPI_ISL_717936
28199	EPI_ISL_717937
28200	EPI_ISL_717938
28201	EPI_ISL_717939
28202	EPI_ISL_717940
28203	EPI_ISL_717941
28204	EPI_ISL_717942
28205	EPI_ISL_717943
28206	EPI_ISL_717944
28207	EPI_ISL_717945
28208	EPI_ISL_717946
28209	EPI_ISL_717947
28210	EPI_ISL_717948
28211	EPI_ISL_717949
28212	EPI_ISL_717950
28213	EPI_ISL_717951
28214	EPI_ISL_717952
28215	EPI_ISL_717953
28216	EPI_ISL_717954
28217	EPI_ISL_717955
28218	EPI_ISL_717956
28219	EPI_ISL_717957
28532	EPI_ISL_985303
28533	EPI_ISL_985304
28534	EPI_ISL_985305
28535	EPI_ISL_985306
28536	EPI_ISL_985307
28537	EPI_ISL_985308
28538	EPI_ISL_985309
28539	EPI_ISL_985310
28540	EPI_ISL_985311
28541	EPI_ISL_985312
28542	EPI_ISL_985313
28543	EPI_ISL_985314
28544	EPI_ISL_985315
28545	EPI_ISL_985316
28546	EPI_ISL_985317
28547	EPI_ISL_940630
28548	EPI_ISL_943967
28549	EPI_ISL_943968
28550	EPI_ISL_943969
28551	EPI_ISL_943970
28552	EPI_ISL_943971
28553	EPI_ISL_943972
28559	EPI_ISL_779155
28562	EPI_ISL_770556
28563	EPI_ISL_770557
28565	EPI_ISL_770559
28566	EPI_ISL_770560
28567	EPI_ISL_770561
28569	EPI_ISL_770563
28570	EPI_ISL_770564
28571	EPI_ISL_770565
28572	EPI_ISL_770566
28574	EPI_ISL_770568
28576	EPI_ISL_770570
28577	EPI_ISL_770571
28586	EPI_ISL_770553
28587	EPI_ISL_770578
28588	EPI_ISL_770579
28589	EPI_ISL_779159
28590	EPI_ISL_770580
28591	EPI_ISL_770581
28593	EPI_ISL_770583
28594	EPI_ISL_770584
28597	EPI_ISL_770587
28600	EPI_ISL_770589
28603	EPI_ISL_770591
28604	EPI_ISL_770592
28605	EPI_ISL_770593
28606	EPI_ISL_770594
28607	EPI_ISL_770595
28608	EPI_ISL_770596
28611	EPI_ISL_770598
28613	EPI_ISL_770552
28617	EPI_ISL_770602
28618	EPI_ISL_770603
28619	EPI_ISL_770604
28620	EPI_ISL_770605
28621	EPI_ISL_770606
28623	EPI_ISL_770607
28633	EPI_ISL_770616
28634	EPI_ISL_770617
28637	EPI_ISL_770618
28638	EPI_ISL_770619
28639	EPI_ISL_770620
28640	EPI_ISL_770554
28641	EPI_ISL_770621
28642	EPI_ISL_770622
28644	EPI_ISL_770624
28647	EPI_ISL_770625
28650	EPI_ISL_770628
28718	EPI_ISL_832010
28721	EPI_ISL_832013
28785	EPI_ISL_943607
28786	EPI_ISL_943608
28791	EPI_ISL_943610
28792	EPI_ISL_943612
28794	EPI_ISL_943604
28795	EPI_ISL_983863
28796	EPI_ISL_983864
28797	EPI_ISL_983867
28799	EPI_ISL_983865
28802	EPI_ISL_984620
28803	EPI_ISL_984621
28804	EPI_ISL_984619
28826	EPI_ISL_985318
28827	EPI_ISL_985319
28885	EPI_ISL_861683
28886	EPI_ISL_861684
28887	EPI_ISL_861685
28888	EPI_ISL_882669
28890	EPI_ISL_882668
28894	EPI_ISL_875689
28895	EPI_ISL_882671
28897	EPI_ISL_882673
28898	EPI_ISL_872191
28899	EPI_ISL_872192
28900	EPI_ISL_906068
28901	EPI_ISL_906072
28909	EPI_ISL_940619
28910	EPI_ISL_940621
28911	EPI_ISL_940622
28912	EPI_ISL_940625
28913	EPI_ISL_940628
28966	EPI_ISL_977489
28967	EPI_ISL_977490
28981	EPI_ISL_981383
28982	EPI_ISL_981385
28983	EPI_ISL_981387
28984	EPI_ISL_984247
28985	EPI_ISL_984248
28986	EPI_ISL_984249
28987	EPI_ISL_984250
28988	EPI_ISL_984251
28989	EPI_ISL_984252
28994	EPI_ISL_984255
28995	EPI_ISL_984256
28996	EPI_ISL_984257
28997	EPI_ISL_984258
28999	EPI_ISL_984260
29001	EPI_ISL_984261
29002	EPI_ISL_984262
29347	EPI_ISL_755642
29350	EPI_ISL_755645
29354	EPI_ISL_755649
29356	EPI_ISL_755651
29357	EPI_ISL_755652
29358	EPI_ISL_755653
29361	EPI_ISL_861674
29362	EPI_ISL_861675
29365	EPI_ISL_861668
29367	EPI_ISL_833158
29368	EPI_ISL_836143
29371	EPI_ISL_836977
29377	EPI_ISL_833161
29379	EPI_ISL_833163
29414	EPI_ISL_861676
29415	EPI_ISL_861677
29416	EPI_ISL_861678
29417	EPI_ISL_861679
29418	EPI_ISL_875688
29419	EPI_ISL_1000675
29420	EPI_ISL_1000673
29421	EPI_ISL_1000677
29422	EPI_ISL_1000671
29442	EPI_ISL_861870
29446	EPI_ISL_861872
29451	EPI_ISL_861877
29452	EPI_ISL_861878
29454	EPI_ISL_861880
29456	EPI_ISL_861882
29457	EPI_ISL_861883
29461	EPI_ISL_861887
29472	EPI_ISL_861898
29473	EPI_ISL_861899
29478	EPI_ISL_861904
29995	EPI_ISL_943984
29997	EPI_ISL_943986
31421	EPI_ISL_805420
31979	EPI_ISL_976873
32156	EPI_ISL_982299
36377	EPI_ISL_976424
36378	EPI_ISL_976425
36738	EPI_ISL_976601
37106	EPI_ISL_976423
37732	EPI_ISL_848188
37739	EPI_ISL_848196
37740	EPI_ISL_848197
37747	EPI_ISL_852829
38416	EPI_ISL_961609
38926	EPI_ISL_960225
41095	EPI_ISL_853127
41098	EPI_ISL_853120
41425	EPI_ISL_983221
41542	EPI_ISL_983044
41896	EPI_ISL_729285
41925	EPI_ISL_729310
42010	EPI_ISL_755696
42013	EPI_ISL_755699
42188	EPI_ISL_966312
42608	EPI_ISL_791502
42617	EPI_ISL_791511
44416	EPI_ISL_1004175
44418	EPI_ISL_1004177
46989	EPI_ISL_956297
46992	EPI_ISL_902736
46998	EPI_ISL_906144
47001	EPI_ISL_906145
47002	EPI_ISL_956287
47004	EPI_ISL_956289
47006	EPI_ISL_956291
47007	EPI_ISL_956292
47008	EPI_ISL_956293
47010	EPI_ISL_956295
47011	EPI_ISL_1017705
47012	EPI_ISL_1036756
47142	EPI_ISL_956302
47739	EPI_ISL_614377
47760	EPI_ISL_614394
47761	EPI_ISL_614395
48932	EPI_ISL_965123
57666	EPI_ISL_620132
68388	EPI_ISL_818010
68623	EPI_ISL_815666
68624	EPI_ISL_815667
69697	EPI_ISL_844979
70584	EPI_ISL_843260
72829	EPI_ISL_855634
73938	EPI_ISL_869266
73977	EPI_ISL_869302
75415	EPI_ISL_870615
75535	EPI_ISL_870724
76869	EPI_ISL_926067
77313	EPI_ISL_926471
77442	EPI_ISL_926589
79024	EPI_ISL_928027
79277	EPI_ISL_928257
79304	EPI_ISL_928281
79799	EPI_ISL_928731
80242	EPI_ISL_929134
80597	EPI_ISL_929457
81275	EPI_ISL_930074
81837	EPI_ISL_970831
81944	EPI_ISL_970938
81964	EPI_ISL_970959
82049	EPI_ISL_971062
82168	EPI_ISL_971381
82256	EPI_ISL_971508
82387	EPI_ISL_971627
82445	EPI_ISL_971680
82526	EPI_ISL_971754
82723	EPI_ISL_971933
82781	EPI_ISL_971986
82868	EPI_ISL_972065
82949	EPI_ISL_972138
83026	EPI_ISL_972208
83049	EPI_ISL_972229
83113	EPI_ISL_972287
83114	EPI_ISL_972288
83169	EPI_ISL_972338
83408	EPI_ISL_972556
83428	EPI_ISL_972574
83460	EPI_ISL_972603
83469	EPI_ISL_972611
83490	EPI_ISL_972630
83734	EPI_ISL_972852
83879	EPI_ISL_972984
83939	EPI_ISL_973038
83967	EPI_ISL_973064
83975	EPI_ISL_973071
83984	EPI_ISL_973079
83991	EPI_ISL_973086
84048	EPI_ISL_973137
84226	EPI_ISL_973299
84392	EPI_ISL_973450
84464	EPI_ISL_973557
84493	EPI_ISL_973611
84508	EPI_ISL_973638
84598	EPI_ISL_973789
84707	EPI_ISL_1022477
84745	EPI_ISL_1022511
84822	EPI_ISL_1022581
85311	EPI_ISL_1023026
85641	EPI_ISL_1023326
85649	EPI_ISL_1023333
85689	EPI_ISL_1023369
85778	EPI_ISL_1023453
85859	EPI_ISL_1023538
85872	EPI_ISL_1023550
86003	EPI_ISL_1023711
86212	EPI_ISL_1023945
86269	EPI_ISL_1023997
86331	EPI_ISL_1024053
86353	EPI_ISL_1024073
86420	EPI_ISL_1024134
86597	EPI_ISL_1024295
86739	EPI_ISL_1024424
86784	EPI_ISL_1024465
86799	EPI_ISL_1024478
86834	EPI_ISL_1024510
86867	EPI_ISL_1024540
86899	EPI_ISL_1024569
86993	EPI_ISL_1024655
87016	EPI_ISL_1024676
87093	EPI_ISL_1024746
87098	EPI_ISL_1024750
87137	EPI_ISL_1024786
87170	EPI_ISL_1024816
87272	EPI_ISL_1024908
94390	EPI_ISL_862806
98837	EPI_ISL_465520
99156	EPI_ISL_528438
99201	EPI_ISL_686537
101187	EPI_ISL_766245
101557	EPI_ISL_770439
101558	EPI_ISL_770440
101559	EPI_ISL_770441
101610	EPI_ISL_770462
101611	EPI_ISL_770463
101613	EPI_ISL_770465
101614	EPI_ISL_770466
101615	EPI_ISL_770467
101632	EPI_ISL_770469
101836	EPI_ISL_837236
101838	EPI_ISL_768815
101952	EPI_ISL_804259
101997	EPI_ISL_811124
102005	EPI_ISL_825573
102009	EPI_ISL_825574
102033	EPI_ISL_837196
102036	EPI_ISL_837197
102040	EPI_ISL_837087
102050	EPI_ISL_860693
102052	EPI_ISL_860695
102075	EPI_ISL_860709
102372	EPI_ISL_864004
102458	EPI_ISL_874940
102618	EPI_ISL_874661
102726	EPI_ISL_863871
104007	EPI_ISL_881370
104010	EPI_ISL_881376
104045	EPI_ISL_880971
104048	EPI_ISL_881226
104338	EPI_ISL_880955
104399	EPI_ISL_879762
104428	EPI_ISL_879979
104625	EPI_ISL_880396
104626	EPI_ISL_880551
105180	EPI_ISL_878114
105286	EPI_ISL_878255
105439	EPI_ISL_878123
105749	EPI_ISL_994481
105855	EPI_ISL_885376
106328	EPI_ISL_877866
106495	EPI_ISL_993348
106534	EPI_ISL_886066
106535	EPI_ISL_886148
106575	EPI_ISL_885931
107581	EPI_ISL_908523
107583	EPI_ISL_908475
107604	EPI_ISL_908386
107605	EPI_ISL_908354
107611	EPI_ISL_908474
107746	EPI_ISL_907807
107766	EPI_ISL_908567
107846	EPI_ISL_907966
107850	EPI_ISL_907758
108447	EPI_ISL_916337
108853	EPI_ISL_993023
108954	EPI_ISL_907521
109610	EPI_ISL_917781
110270	EPI_ISL_947768
110780	EPI_ISL_947649
110820	EPI_ISL_947663
110884	EPI_ISL_991635
111319	EPI_ISL_937738
111414	EPI_ISL_937654
111708	EPI_ISL_932020
111846	EPI_ISL_932032
111983	EPI_ISL_991123
112256	EPI_ISL_990609
112355	EPI_ISL_990786
112450	EPI_ISL_990748
112846	EPI_ISL_931610
112858	EPI_ISL_931659
112860	EPI_ISL_931875
113014	EPI_ISL_946656
113333	EPI_ISL_947039
113550	EPI_ISL_946854
113611	EPI_ISL_946900
113648	EPI_ISL_946979
113758	EPI_ISL_959213
113762	EPI_ISL_959027
113964	EPI_ISL_990342
114432	EPI_ISL_945381
115032	EPI_ISL_956724
115230	EPI_ISL_963787
115310	EPI_ISL_964271
115780	EPI_ISL_969736
115887	EPI_ISL_969661
116073	EPI_ISL_970473
116536	EPI_ISL_989095
116859	EPI_ISL_989162
117045	EPI_ISL_964713
117046	EPI_ISL_964788
117354	EPI_ISL_988764
117594	EPI_ISL_988812
117647	EPI_ISL_988881
117688	EPI_ISL_985884
117993	EPI_ISL_986831
118101	EPI_ISL_987108
118897	EPI_ISL_1018953
119065	EPI_ISL_1018421
119180	EPI_ISL_1018375
119362	EPI_ISL_1018343
135215	EPI_ISL_646995
138447	EPI_ISL_675164
142087	EPI_ISL_730661
142163	EPI_ISL_731736
143047	EPI_ISL_718682
143425	EPI_ISL_777190
144263	EPI_ISL_777266
144298	EPI_ISL_777292
144487	EPI_ISL_761305
144529	EPI_ISL_761052
145266	EPI_ISL_799908
145534	EPI_ISL_781500
145627	EPI_ISL_782148
145831	EPI_ISL_798369
146161	EPI_ISL_796815
146537	EPI_ISL_822233
146694	EPI_ISL_821190
146830	EPI_ISL_821180
146831	EPI_ISL_821194
146833	EPI_ISL_821134
146836	EPI_ISL_821028
146840	EPI_ISL_821036
147349	EPI_ISL_835007
147399	EPI_ISL_835036
147413	EPI_ISL_835003
148078	EPI_ISL_833971
148630	EPI_ISL_846358
148663	EPI_ISL_846335
149250	EPI_ISL_881723
149419	EPI_ISL_881681
149460	EPI_ISL_881808
149507	EPI_ISL_881980
149593	EPI_ISL_882075
149630	EPI_ISL_882063
149739	EPI_ISL_882048
149829	EPI_ISL_862989
149986	EPI_ISL_863008
150059	EPI_ISL_863189
150143	EPI_ISL_862950
150162	EPI_ISL_862946
150164	EPI_ISL_862910
150368	EPI_ISL_874226
152558	EPI_ISL_949411
164569	EPI_ISL_873720
165188	EPI_ISL_994031
165673	EPI_ISL_908202
165686	EPI_ISL_908209
166811	EPI_ISL_916226
166823	EPI_ISL_916301
166852	EPI_ISL_916363
166939	EPI_ISL_933199
167120	EPI_ISL_916371
167488	EPI_ISL_938238
168209	EPI_ISL_996993
168211	EPI_ISL_996995
168729	EPI_ISL_957752
168845	EPI_ISL_988414
169084	EPI_ISL_980406
169264	EPI_ISL_989387
169841	EPI_ISL_985546
169863	EPI_ISL_985461
170716	EPI_ISL_986813
171075	EPI_ISL_1012100
171652	EPI_ISL_1018874
171736	EPI_ISL_1018900
171787	EPI_ISL_1018836
171827	EPI_ISL_1019336
171857	EPI_ISL_1019337
171985	EPI_ISL_1033469
179425	EPI_ISL_668123
180461	EPI_ISL_673280
180476	EPI_ISL_681659
180933	EPI_ISL_704891
183431	EPI_ISL_718344
183930	EPI_ISL_760883
184336	EPI_ISL_777547
185755	EPI_ISL_798217
185818	EPI_ISL_798703
185859	EPI_ISL_799295
186937	EPI_ISL_821376
187084	EPI_ISL_836574
187318	EPI_ISL_836600
187665	EPI_ISL_945102
195597	EPI_ISL_813786
195696	EPI_ISL_838630
195702	EPI_ISL_838636
195844	EPI_ISL_865277
195876	EPI_ISL_865312
196030	EPI_ISL_919484
196091	EPI_ISL_919516
196192	EPI_ISL_919620
196237	EPI_ISL_997384
196238	EPI_ISL_997385
196239	EPI_ISL_997386
196240	EPI_ISL_997387
196241	EPI_ISL_997388
196242	EPI_ISL_997389
196243	EPI_ISL_997390
196244	EPI_ISL_997391
196245	EPI_ISL_997392
197889	EPI_ISL_813885
197917	EPI_ISL_919760
198386	EPI_ISL_842980
198511	EPI_ISL_843105
198963	EPI_ISL_919859
198984	EPI_ISL_919872
201443	EPI_ISL_920689
201444	EPI_ISL_920690
203711	EPI_ISL_880926
203923	EPI_ISL_880620
204261	EPI_ISL_993820
204370	EPI_ISL_879001
204756	EPI_ISL_993108
205103	EPI_ISL_909550
205642	EPI_ISL_937937
205674	EPI_ISL_937926
206109	EPI_ISL_937954
206270	EPI_ISL_937978
206324	EPI_ISL_939292
206639	EPI_ISL_938590
207313	EPI_ISL_945750
207503	EPI_ISL_958243
207879	EPI_ISL_958862
208014	EPI_ISL_963418
208167	EPI_ISL_963526
208308	EPI_ISL_958838
208703	EPI_ISL_958199
208722	EPI_ISL_958119
208778	EPI_ISL_998070
208782	EPI_ISL_998074
208914	EPI_ISL_971096
209049	EPI_ISL_971388
209050	EPI_ISL_971138
209194	EPI_ISL_1006475
209401	EPI_ISL_957965
209502	EPI_ISL_998110
209957	EPI_ISL_957505
210006	EPI_ISL_957533
210644	EPI_ISL_980572
211182	EPI_ISL_988577
211185	EPI_ISL_988611
211328	EPI_ISL_1006970
211436	EPI_ISL_1007076
211567	EPI_ISL_986147
212259	EPI_ISL_1005895
212457	EPI_ISL_1033789
212558	EPI_ISL_1034013
212762	EPI_ISL_1034002
214066	EPI_ISL_553042
228230	EPI_ISL_720112
231009	EPI_ISL_777229
231119	EPI_ISL_762449
231151	EPI_ISL_762436
231154	EPI_ISL_762502
231621	EPI_ISL_762499
231626	EPI_ISL_762362
231749	EPI_ISL_761059
232665	EPI_ISL_798507
232799	EPI_ISL_945224
232973	EPI_ISL_797195
233026	EPI_ISL_797194
233393	EPI_ISL_812064
233735	EPI_ISL_821575
234153	EPI_ISL_820764
234864	EPI_ISL_836285
235044	EPI_ISL_945182
235138	EPI_ISL_945258
235627	EPI_ISL_852169
235630	EPI_ISL_852237
235759	EPI_ISL_852210
236003	EPI_ISL_864256
236251	EPI_ISL_863626
236401	EPI_ISL_863779
241354	EPI_ISL_741517
241698	EPI_ISL_839921
242252	EPI_ISL_998864
243702	EPI_ISL_763769
245287	EPI_ISL_461895
245383	EPI_ISL_472405
245664	EPI_ISL_549381
246081	EPI_ISL_627694
246350	EPI_ISL_665939
247260	EPI_ISL_922053
247262	EPI_ISL_922055
247294	EPI_ISL_922088
247492	EPI_ISL_950751
249115	EPI_ISL_819798
249303	EPI_ISL_950917
249475	EPI_ISL_951071
250133	EPI_ISL_999181
250151	EPI_ISL_999193
252601	EPI_ISL_1000422
252616	EPI_ISL_1000437
252617	EPI_ISL_1000438
252618	EPI_ISL_1000439
254321	EPI_ISL_923815
254428	EPI_ISL_923913
254510	EPI_ISL_923997
254686	EPI_ISL_908084
254787	EPI_ISL_909069
255453	EPI_ISL_907655
255654	EPI_ISL_907679
256441	EPI_ISL_948389
256592	EPI_ISL_947183
257274	EPI_ISL_957114
257489	EPI_ISL_964476
265797	EPI_ISL_584980
265957	EPI_ISL_587380
266215	EPI_ISL_587707
268622	EPI_ISL_633751
274587	EPI_ISL_668253
274924	EPI_ISL_668335
278440	EPI_ISL_756971
279222	EPI_ISL_760739
279747	EPI_ISL_782469
280606	EPI_ISL_945136
281348	EPI_ISL_836799
281351	EPI_ISL_836881
281378	EPI_ISL_836880
281383	EPI_ISL_836839
281684	EPI_ISL_834609
281978	EPI_ISL_835214
282255	EPI_ISL_852547
282356	EPI_ISL_851504
282363	EPI_ISL_851507
282862	EPI_ISL_1000642
283510	EPI_ISL_924202
283753	EPI_ISL_868521
284205	EPI_ISL_924320
284628	EPI_ISL_953018
287878	EPI_ISL_817064
288801	EPI_ISL_924642
289221	EPI_ISL_953073
289917	EPI_ISL_854594
290819	EPI_ISL_738136
291012	EPI_ISL_995946
291045	EPI_ISL_995905
291050	EPI_ISL_995931
291057	EPI_ISL_995971
291114	EPI_ISL_902908
291124	EPI_ISL_995881
291125	EPI_ISL_995882
291151	EPI_ISL_833227
291267	EPI_ISL_925031
291268	EPI_ISL_925032
291374	EPI_ISL_728304
292328	EPI_ISL_995468
292330	EPI_ISL_995470
292489	EPI_ISL_954070
292686	EPI_ISL_912607
292687	EPI_ISL_912608
292688	EPI_ISL_912609
292689	EPI_ISL_912610
292694	EPI_ISL_912611
292708	EPI_ISL_935569
292714	EPI_ISL_953956
292940	EPI_ISL_995475
292942	EPI_ISL_995477
292950	EPI_ISL_995485
292951	EPI_ISL_995486
292953	EPI_ISL_995488
293440	EPI_ISL_855551
293441	EPI_ISL_1009674
293443	EPI_ISL_1009673
293445	EPI_ISL_1005686
293448	EPI_ISL_1005684
293449	EPI_ISL_1005688
293450	EPI_ISL_1005685
293468	EPI_ISL_964916
293658	EPI_ISL_940996
293664	EPI_ISL_912603
293742	EPI_ISL_941092
293802	EPI_ISL_935614
293821	EPI_ISL_935633
293919	EPI_ISL_995472
293944	EPI_ISL_1001390
293977	EPI_ISL_1036419
293987	EPI_ISL_1036406
293988	EPI_ISL_1036405
294894	EPI_ISL_912604
294895	EPI_ISL_912605
294982	EPI_ISL_848063
295050	EPI_ISL_848064
295317	EPI_ISL_1004174
295321	EPI_ISL_1001573
295326	EPI_ISL_1001459
295328	EPI_ISL_1005682
295329	EPI_ISL_1001463
295331	EPI_ISL_1005683
296084	EPI_ISL_939630
296087	EPI_ISL_939633
296092	EPI_ISL_939638
296105	EPI_ISL_982907
296117	EPI_ISL_982895
296150	EPI_ISL_982866
296157	EPI_ISL_982906
296167	EPI_ISL_982905
296211	EPI_ISL_1020388
296231	EPI_ISL_1020347
297099	EPI_ISL_768827
297100	EPI_ISL_768828
297154	EPI_ISL_913666
297166	EPI_ISL_846648
297240	EPI_ISL_909702
297252	EPI_ISL_935546
297253	EPI_ISL_935547
297276	EPI_ISL_954036
297447	EPI_ISL_912994
297587	EPI_ISL_912853
297632	EPI_ISL_912940
297704	EPI_ISL_912692
297707	EPI_ISL_912796
297748	EPI_ISL_912719
297799	EPI_ISL_912885
297805	EPI_ISL_912890
297820	EPI_ISL_981462
297885	EPI_ISL_982180
297988	EPI_ISL_981406
298001	EPI_ISL_981398
298006	EPI_ISL_981537
298007	EPI_ISL_981536
298009	EPI_ISL_981532
298084	EPI_ISL_890353
298100	EPI_ISL_954086
298108	EPI_ISL_954109
298114	EPI_ISL_954089
298121	EPI_ISL_954074
298122	EPI_ISL_954058
298123	EPI_ISL_954075
298131	EPI_ISL_1001416
298133	EPI_ISL_1001418
298139	EPI_ISL_1001437
298140	EPI_ISL_1001438
298142	EPI_ISL_1001440
298143	EPI_ISL_1001419
298146	EPI_ISL_1001441
298149	EPI_ISL_1001399
298152	EPI_ISL_1001401
298153	EPI_ISL_1001402
298154	EPI_ISL_1001384
298155	EPI_ISL_1001385
298156	EPI_ISL_1001442
298157	EPI_ISL_1001421
298158	EPI_ISL_1001422
298160	EPI_ISL_1001452
298161	EPI_ISL_1001424
298162	EPI_ISL_1001412
298164	EPI_ISL_1001444
298167	EPI_ISL_1001449
298171	EPI_ISL_1001427
298176	EPI_ISL_1001431
298184	EPI_ISL_1013438
298187	EPI_ISL_1013441
298188	EPI_ISL_1013442
298193	EPI_ISL_1013447
298194	EPI_ISL_1013448
298646	EPI_ISL_811035
299469	EPI_ISL_818342
299475	EPI_ISL_862149
299478	EPI_ISL_875344
300009	EPI_ISL_732531
300010	EPI_ISL_732532
300015	EPI_ISL_732658
300382	EPI_ISL_856678
300513	EPI_ISL_959976
300620	EPI_ISL_825085
301584	EPI_ISL_856680
302590	EPI_ISL_803956
302591	EPI_ISL_803957
303586	EPI_ISL_887123
304025	EPI_ISL_1018098
304030	EPI_ISL_1018072
304032	EPI_ISL_1018074
304033	EPI_ISL_1018075
304036	EPI_ISL_1018078
304037	EPI_ISL_1018079
304039	EPI_ISL_1018081
304040	EPI_ISL_1018082
304043	EPI_ISL_1018085
304092	EPI_ISL_944732
304107	EPI_ISL_944659
304137	EPI_ISL_944660
304177	EPI_ISL_944729
304181	EPI_ISL_944731
304189	EPI_ISL_944650
304190	EPI_ISL_944664
304193	EPI_ISL_944658
304198	EPI_ISL_944730
312112	EPI_ISL_495014
312113	EPI_ISL_495015
312687	EPI_ISL_995706
312733	EPI_ISL_995752
313508	EPI_ISL_700219
313510	EPI_ISL_723058
313535	EPI_ISL_723064
314155	EPI_ISL_454530
316665	EPI_ISL_959851
316676	EPI_ISL_959706
317024	EPI_ISL_789092
317130	EPI_ISL_888832
317131	EPI_ISL_888833
317132	EPI_ISL_888834
317184	EPI_ISL_888830
317185	EPI_ISL_875349
317186	EPI_ISL_875350
317446	EPI_ISL_732455
317931	EPI_ISL_888831
318128	EPI_ISL_875512
318932	EPI_ISL_1001262
318961	EPI_ISL_875352
319562	EPI_ISL_944225
319672	EPI_ISL_944411
319762	EPI_ISL_944251
319763	EPI_ISL_944252
319767	EPI_ISL_944253
319771	EPI_ISL_944254
319809	EPI_ISL_944412
319907	EPI_ISL_944441
320724	EPI_ISL_1036239
321222	EPI_ISL_1034144
321301	EPI_ISL_875566
321302	EPI_ISL_875567
321303	EPI_ISL_875568
322648	EPI_ISL_837496
322796	EPI_ISL_960650
322798	EPI_ISL_960655
323716	EPI_ISL_1036755
323816	EPI_ISL_875687
323817	EPI_ISL_877765
323949	EPI_ISL_1023524
323954	EPI_ISL_1039785
323964	EPI_ISL_603140
324147	EPI_ISL_1012923
324148	EPI_ISL_1012924
324716	EPI_ISL_1035871
324717	EPI_ISL_1035900
324782	EPI_ISL_1014545
324783	EPI_ISL_1014675
326115	EPI_ISL_792680
326116	EPI_ISL_792681
326117	EPI_ISL_792682
326118	EPI_ISL_792683
326419	EPI_ISL_1020324
342477	EPI_ISL_978917
342986	EPI_ISL_935039
342987	EPI_ISL_935041
343671	EPI_ISL_855517
343675	EPI_ISL_855514
343709	EPI_ISL_969002
343726	EPI_ISL_969009
343732	EPI_ISL_969011
343749	EPI_ISL_969013
343750	EPI_ISL_969014
343767	EPI_ISL_969018
343856	EPI_ISL_903376
343860	EPI_ISL_903388
345528	EPI_ISL_911195
346243	EPI_ISL_911216
346700	EPI_ISL_911231
347872	EPI_ISL_911185
348691	EPI_ISL_944096
348892	EPI_ISL_855369
348913	EPI_ISL_872327
348916	EPI_ISL_872330
348936	EPI_ISL_872335
348938	EPI_ISL_872271
348939	EPI_ISL_872337
348940	EPI_ISL_872232
348941	EPI_ISL_872272
348942	EPI_ISL_872248
348945	EPI_ISL_872338
348951	EPI_ISL_1013103
348952	EPI_ISL_894225
348957	EPI_ISL_1013108
348971	EPI_ISL_1013121
348982	EPI_ISL_1013132
348983	EPI_ISL_1013133
348987	EPI_ISL_1013135
349000	EPI_ISL_1013146
349001	EPI_ISL_1013147
349003	EPI_ISL_1013148
349004	EPI_ISL_1013149
349005	EPI_ISL_1013150
349007	EPI_ISL_1013151
349009	EPI_ISL_1013153
349010	EPI_ISL_1013154
349011	EPI_ISL_1013155
349012	EPI_ISL_1013156
349016	EPI_ISL_1013159
349018	EPI_ISL_1013161
349019	EPI_ISL_1013162
349021	EPI_ISL_1013164
349029	EPI_ISL_1013172
349030	EPI_ISL_1013173
349034	EPI_ISL_1013177
349039	EPI_ISL_1013182
349040	EPI_ISL_1013183
349042	EPI_ISL_1013184
349043	EPI_ISL_1013185
349044	EPI_ISL_1013186
349045	EPI_ISL_1013187
349046	EPI_ISL_1013188
349047	EPI_ISL_1013189
349048	EPI_ISL_1013190
349049	EPI_ISL_1013191
349050	EPI_ISL_1013192
349051	EPI_ISL_1013193
349052	EPI_ISL_1013194
349053	EPI_ISL_1013195
349054	EPI_ISL_1013196
349055	EPI_ISL_1013197
349056	EPI_ISL_1013198
349057	EPI_ISL_1013199
349058	EPI_ISL_1013200
349059	EPI_ISL_1013201
349060	EPI_ISL_1013202
349061	EPI_ISL_1013203
349062	EPI_ISL_1013204
349065	EPI_ISL_1013207
349067	EPI_ISL_909687
349068	EPI_ISL_909697
349076	EPI_ISL_909688
349077	EPI_ISL_909689
349078	EPI_ISL_909690
349079	EPI_ISL_909691
349080	EPI_ISL_909692
349082	EPI_ISL_909698
349083	EPI_ISL_909693
349088	EPI_ISL_909694
349094	EPI_ISL_909699
349095	EPI_ISL_909700
349096	EPI_ISL_909701
349097	EPI_ISL_909695
349098	EPI_ISL_909696
349111	EPI_ISL_995333
349112	EPI_ISL_995334
349113	EPI_ISL_995335
349115	EPI_ISL_995337
349117	EPI_ISL_995339
349121	EPI_ISL_995343
349122	EPI_ISL_995344
349124	EPI_ISL_995346
349127	EPI_ISL_995349
349132	EPI_ISL_995354
349133	EPI_ISL_995355
349137	EPI_ISL_995359
349139	EPI_ISL_995361
349142	EPI_ISL_995364
349144	EPI_ISL_995366
349145	EPI_ISL_995367
349147	EPI_ISL_995369
349149	EPI_ISL_995371
349150	EPI_ISL_995372
349152	EPI_ISL_995374
349153	EPI_ISL_995375
349154	EPI_ISL_995376
349157	EPI_ISL_995379
349160	EPI_ISL_995382
349162	EPI_ISL_995384
349163	EPI_ISL_995385
349164	EPI_ISL_995386
349167	EPI_ISL_995389
349168	EPI_ISL_995390
349169	EPI_ISL_995391
349170	EPI_ISL_995392
349171	EPI_ISL_995393
349172	EPI_ISL_995394
349173	EPI_ISL_995395
349174	EPI_ISL_995396
349175	EPI_ISL_995397
349176	EPI_ISL_995398
349177	EPI_ISL_995399
349178	EPI_ISL_995400
349179	EPI_ISL_995401
349181	EPI_ISL_995403
349182	EPI_ISL_995404
349184	EPI_ISL_995406
349186	EPI_ISL_995408
349187	EPI_ISL_995409
349190	EPI_ISL_995412
349194	EPI_ISL_995416
349195	EPI_ISL_995417
349198	EPI_ISL_995420
349201	EPI_ISL_995423
349202	EPI_ISL_995424
349206	EPI_ISL_995428
349207	EPI_ISL_995429
349208	EPI_ISL_995430
349209	EPI_ISL_995431
349210	EPI_ISL_995432
349211	EPI_ISL_995433
349212	EPI_ISL_995434
349213	EPI_ISL_995435
349214	EPI_ISL_995436
349215	EPI_ISL_995437
349217	EPI_ISL_995439
349219	EPI_ISL_995441
349220	EPI_ISL_995442
349221	EPI_ISL_995443
349222	EPI_ISL_995444
349223	EPI_ISL_995445
349227	EPI_ISL_1013244
349231	EPI_ISL_1013245
349232	EPI_ISL_1013246
349235	EPI_ISL_1013247
349237	EPI_ISL_1013248
349238	EPI_ISL_1013249
349239	EPI_ISL_1013357
349240	EPI_ISL_1013250
349241	EPI_ISL_1013358
349242	EPI_ISL_1013251
349243	EPI_ISL_1013252
349244	EPI_ISL_1013253
349245	EPI_ISL_1013359
349247	EPI_ISL_1013254
349249	EPI_ISL_1013255
349250	EPI_ISL_1013256
349251	EPI_ISL_1013257
349252	EPI_ISL_1013238
349253	EPI_ISL_1013231
349256	EPI_ISL_1013258
349257	EPI_ISL_1013259
349258	EPI_ISL_1013260
349260	EPI_ISL_1013261
349261	EPI_ISL_1013243
349262	EPI_ISL_1013262
349264	EPI_ISL_1013263
349266	EPI_ISL_1013264
349267	EPI_ISL_1013224
349268	EPI_ISL_1013265
349270	EPI_ISL_1013266
349271	EPI_ISL_1013267
349273	EPI_ISL_1013268
349274	EPI_ISL_1013269
349275	EPI_ISL_1013270
349276	EPI_ISL_1013271
349277	EPI_ISL_1013272
349279	EPI_ISL_1013273
349280	EPI_ISL_1013274
349281	EPI_ISL_1013275
349282	EPI_ISL_1013276
349283	EPI_ISL_1013277
349284	EPI_ISL_1013278
349285	EPI_ISL_1013279
349286	EPI_ISL_1013280
349288	EPI_ISL_1013360
349291	EPI_ISL_1013361
349292	EPI_ISL_1013281
349294	EPI_ISL_1013282
349295	EPI_ISL_1013283
349296	EPI_ISL_1013284
349300	EPI_ISL_1013242
349301	EPI_ISL_1013285
349303	EPI_ISL_1013286
349304	EPI_ISL_1013287
349306	EPI_ISL_1013288
349307	EPI_ISL_1013289
349308	EPI_ISL_1013290
349309	EPI_ISL_1013291
349312	EPI_ISL_1013292
349314	EPI_ISL_1013293
349315	EPI_ISL_1013225
349316	EPI_ISL_1013294
349318	EPI_ISL_1013295
349319	EPI_ISL_1013296
349320	EPI_ISL_1013297
349322	EPI_ISL_1013298
349323	EPI_ISL_1013299
349324	EPI_ISL_1013300
349326	EPI_ISL_1013301
349327	EPI_ISL_1013302
349328	EPI_ISL_1013303
349329	EPI_ISL_1013232
349330	EPI_ISL_1013304
349331	EPI_ISL_1013305
349332	EPI_ISL_1013306
349333	EPI_ISL_1013307
349336	EPI_ISL_1013308
349337	EPI_ISL_1013309
349338	EPI_ISL_1013310
349339	EPI_ISL_1013311
349340	EPI_ISL_1013226
349341	EPI_ISL_1013227
349342	EPI_ISL_1013312
349343	EPI_ISL_1013313
349344	EPI_ISL_1013314
349345	EPI_ISL_1013315
349346	EPI_ISL_1013316
349347	EPI_ISL_1013317
349348	EPI_ISL_1013318
349349	EPI_ISL_1013319
349350	EPI_ISL_1013320
349351	EPI_ISL_1013321
349352	EPI_ISL_1013322
349353	EPI_ISL_1013228
349355	EPI_ISL_1013233
349356	EPI_ISL_1013323
349357	EPI_ISL_1013324
349358	EPI_ISL_1013325
349359	EPI_ISL_1013326
349360	EPI_ISL_1013327
349361	EPI_ISL_1013328
349362	EPI_ISL_1013329
349363	EPI_ISL_1013330
349366	EPI_ISL_1013331
349371	EPI_ISL_1013362
349372	EPI_ISL_1013332
349373	EPI_ISL_1013333
349374	EPI_ISL_1013334
349375	EPI_ISL_1013363
349376	EPI_ISL_1013335
349377	EPI_ISL_1013336
349378	EPI_ISL_1013337
349379	EPI_ISL_1013338
349380	EPI_ISL_1013339
349381	EPI_ISL_1013340
349385	EPI_ISL_1013229
349386	EPI_ISL_1013240
349387	EPI_ISL_1013341
349388	EPI_ISL_1013342
349389	EPI_ISL_1013237
349391	EPI_ISL_1013230
349392	EPI_ISL_1013343
349393	EPI_ISL_1013344
349395	EPI_ISL_1013345
349397	EPI_ISL_1013346
349399	EPI_ISL_1013347
349400	EPI_ISL_1013348
349401	EPI_ISL_1013349
349403	EPI_ISL_1013350
349404	EPI_ISL_1013351
349405	EPI_ISL_1013352
349406	EPI_ISL_1013353
349407	EPI_ISL_1013364
349408	EPI_ISL_1013354
349409	EPI_ISL_1035931
349410	EPI_ISL_1035932
349411	EPI_ISL_1035933
349412	EPI_ISL_1035934
349413	EPI_ISL_1035935
349414	EPI_ISL_1035936
349415	EPI_ISL_1035937
349416	EPI_ISL_1035938
349417	EPI_ISL_1035939
349418	EPI_ISL_1035940
349419	EPI_ISL_1035941
349421	EPI_ISL_1035942
349422	EPI_ISL_1035943
349423	EPI_ISL_1035944
349424	EPI_ISL_1035945
349425	EPI_ISL_1035946
349426	EPI_ISL_1035947
349427	EPI_ISL_1035923
349428	EPI_ISL_1035948
350169	EPI_ISL_1008714
350314	EPI_ISL_576264
350343	EPI_ISL_933669
350612	EPI_ISL_887439
350619	EPI_ISL_887440
350623	EPI_ISL_887441
350626	EPI_ISL_887442
350627	EPI_ISL_887443
350628	EPI_ISL_887444
350630	EPI_ISL_887445
350636	EPI_ISL_887446
350639	EPI_ISL_887447
350651	EPI_ISL_887448
350652	EPI_ISL_887449
350654	EPI_ISL_887419
350655	EPI_ISL_887450
350657	EPI_ISL_887451
350658	EPI_ISL_887452
350659	EPI_ISL_887433
350660	EPI_ISL_887453
350661	EPI_ISL_887427
350663	EPI_ISL_887454
350667	EPI_ISL_964924
350668	EPI_ISL_964934
350669	EPI_ISL_964935
350670	EPI_ISL_964922
350671	EPI_ISL_964936
350672	EPI_ISL_964937
350680	EPI_ISL_964929
350682	EPI_ISL_964930
350683	EPI_ISL_964931
350684	EPI_ISL_964925
350685	EPI_ISL_964921
350686	EPI_ISL_964923
350687	EPI_ISL_964932
350688	EPI_ISL_964933
350689	EPI_ISL_964926
350690	EPI_ISL_964938
350691	EPI_ISL_964939
350692	EPI_ISL_964940
350693	EPI_ISL_964927
350695	EPI_ISL_964941
350696	EPI_ISL_964928
350697	EPI_ISL_964942
350866	EPI_ISL_1035097
351740	EPI_ISL_1014338
351809	EPI_ISL_1035234
352173	EPI_ISL_1013905
352919	EPI_ISL_905071
352946	EPI_ISL_904753
352950	EPI_ISL_904754
352982	EPI_ISL_1013910
353017	EPI_ISL_1035233
353028	EPI_ISL_1020304
354396	EPI_ISL_904827
354410	EPI_ISL_904838
354494	EPI_ISL_943367
354496	EPI_ISL_943369
354570	EPI_ISL_1014348
354575	EPI_ISL_1013787
354614	EPI_ISL_1013788
354738	EPI_ISL_1035232
354742	EPI_ISL_1035231
354852	EPI_ISL_790630
355050	EPI_ISL_905586
355097	EPI_ISL_905660
355167	EPI_ISL_904977
355196	EPI_ISL_905303
355204	EPI_ISL_905234
355205	EPI_ISL_905235
355215	EPI_ISL_905236
355227	EPI_ISL_904672
355275	EPI_ISL_943065
355276	EPI_ISL_943045
355277	EPI_ISL_943046
355283	EPI_ISL_942998
355306	EPI_ISL_943067
355307	EPI_ISL_943066
355312	EPI_ISL_943266
355325	EPI_ISL_943439
355334	EPI_ISL_943448
355363	EPI_ISL_943477
355384	EPI_ISL_943498
355385	EPI_ISL_943499
355389	EPI_ISL_1014435
355431	EPI_ISL_1014283
355461	EPI_ISL_1013789
355464	EPI_ISL_1013790
355484	EPI_ISL_1035203
355485	EPI_ISL_1035230
355493	EPI_ISL_1035096
355495	EPI_ISL_1035095
355502	EPI_ISL_1035598
355836	EPI_ISL_905237
356075	EPI_ISL_763160
356086	EPI_ISL_763170
356197	EPI_ISL_904868
356223	EPI_ISL_943063
356229	EPI_ISL_943102
356270	EPI_ISL_1035579
356272	EPI_ISL_1035577
356317	EPI_ISL_723325
356854	EPI_ISL_905238
356878	EPI_ISL_904755
356881	EPI_ISL_943062
356927	EPI_ISL_1014347
356928	EPI_ISL_1014414
356941	EPI_ISL_1014401
356961	EPI_ISL_1014346
356965	EPI_ISL_1014345
356969	EPI_ISL_1014382
356972	EPI_ISL_1014344
356988	EPI_ISL_1013791
357002	EPI_ISL_1013792
357032	EPI_ISL_1013793
357115	EPI_ISL_1014104
357140	EPI_ISL_1013795
357181	EPI_ISL_1013796
357182	EPI_ISL_1013797
357338	EPI_ISL_1035229
357340	EPI_ISL_1035228
357360	EPI_ISL_1020302
357362	EPI_ISL_1035443
357373	EPI_ISL_1035227
357378	EPI_ISL_1035094
357415	EPI_ISL_1035093
357420	EPI_ISL_1035226
357423	EPI_ISL_1035225
357486	EPI_ISL_1035224
358596	EPI_ISL_904376
358662	EPI_ISL_904163
358664	EPI_ISL_904375
358686	EPI_ISL_904377
358715	EPI_ISL_904378
358716	EPI_ISL_904380
358717	EPI_ISL_904379
359602	EPI_ISL_904756
359696	EPI_ISL_1013798
359737	EPI_ISL_1013799
359739	EPI_ISL_1013800
359751	EPI_ISL_1013801
359831	EPI_ISL_1020303
361450	EPI_ISL_794611
361463	EPI_ISL_843196
361475	EPI_ISL_877206
361476	EPI_ISL_877207
361478	EPI_ISL_877209
361487	EPI_ISL_877217
361491	EPI_ISL_877221
361500	EPI_ISL_1016876
361502	EPI_ISL_1016874
361503	EPI_ISL_1016875
361507	EPI_ISL_1016877
361509	EPI_ISL_1016867
361515	EPI_ISL_1016866
361516	EPI_ISL_1016848
361523	EPI_ISL_1016865
361528	EPI_ISL_1016873
361529	EPI_ISL_1016872
361561	EPI_ISL_985120
361570	EPI_ISL_985117
361574	EPI_ISL_985118
361577	EPI_ISL_985106
361579	EPI_ISL_985119
361580	EPI_ISL_985107
361582	EPI_ISL_985121
361584	EPI_ISL_985122
361590	EPI_ISL_985111
361595	EPI_ISL_985114
361596	EPI_ISL_985237
361597	EPI_ISL_985105
361600	EPI_ISL_985115
361605	EPI_ISL_985112
361607	EPI_ISL_985113
361608	EPI_ISL_985123
361610	EPI_ISL_985124
361611	EPI_ISL_985116
361625	EPI_ISL_985108
361628	EPI_ISL_985109
361629	EPI_ISL_985110
361683	EPI_ISL_906277
361690	EPI_ISL_906284
361698	EPI_ISL_941282
361704	EPI_ISL_941287
361706	EPI_ISL_941289
361707	EPI_ISL_941290
361712	EPI_ISL_941294
361713	EPI_ISL_941295
361714	EPI_ISL_941296
361725	EPI_ISL_1035819
361729	EPI_ISL_1035823
361736	EPI_ISL_977545
361737	EPI_ISL_977547
361739	EPI_ISL_977541
361742	EPI_ISL_977563
361749	EPI_ISL_977564
361751	EPI_ISL_977562
361752	EPI_ISL_977560
361754	EPI_ISL_977544
361755	EPI_ISL_977561
361822	EPI_ISL_872626
365400	EPI_ISL_1040152
366185	EPI_ISL_775528
366186	EPI_ISL_775529
366187	EPI_ISL_775530
366282	EPI_ISL_813975
367034	EPI_ISL_906306
367266	EPI_ISL_943570
367357	EPI_ISL_568545
367358	EPI_ISL_568546
368292	EPI_ISL_960728
368332	EPI_ISL_960829
370721	EPI_ISL_861709
370864	EPI_ISL_941471
370885	EPI_ISL_941492
371220	EPI_ISL_941827
371299	EPI_ISL_1023468
371305	EPI_ISL_1023461
371306	EPI_ISL_1023465
371650	EPI_ISL_984629
372038	EPI_ISL_596316
372264	EPI_ISL_745244
372421	EPI_ISL_733048
372889	EPI_ISL_678289
372906	EPI_ISL_733494
373095	EPI_ISL_596289
378964	EPI_ISL_865068
379718	EPI_ISL_764278
379719	EPI_ISL_764279
379989	EPI_ISL_919346
380136	EPI_ISL_949645
380137	EPI_ISL_949646
380138	EPI_ISL_919406
380143	EPI_ISL_997122
380144	EPI_ISL_997123
380145	EPI_ISL_997124
380154	EPI_ISL_997128
380159	EPI_ISL_997133
380170	EPI_ISL_997144
380171	EPI_ISL_997145
380178	EPI_ISL_997150
380185	EPI_ISL_997156
383760	EPI_ISL_949029
383852	EPI_ISL_1019831
383955	EPI_ISL_1019901
384596	EPI_ISL_1019652
384683	EPI_ISL_990129
384735	EPI_ISL_990092
390374	EPI_ISL_989996
390640	EPI_ISL_858465
390833	EPI_ISL_858233
390834	EPI_ISL_858239
390838	EPI_ISL_858256
390922	EPI_ISL_989987
390923	EPI_ISL_989986
391758	EPI_ISL_891245
391875	EPI_ISL_906837
391887	EPI_ISL_906838
391899	EPI_ISL_906839
392294	EPI_ISL_754079
392364	EPI_ISL_981007
392443	EPI_ISL_995301
392856	EPI_ISL_833376
392960	EPI_ISL_833384
394402	EPI_ISL_736931
394403	EPI_ISL_736932
394404	EPI_ISL_736933
394406	EPI_ISL_736940
394407	EPI_ISL_736941
394408	EPI_ISL_736934
394409	EPI_ISL_736942
394410	EPI_ISL_736943
394411	EPI_ISL_736944
394412	EPI_ISL_736945
394416	EPI_ISL_736935
394418	EPI_ISL_736946
394419	EPI_ISL_736947
394420	EPI_ISL_736948
394421	EPI_ISL_736949
394422	EPI_ISL_736950
394423	EPI_ISL_736951
394424	EPI_ISL_736952
394426	EPI_ISL_736989
394427	EPI_ISL_660605
394428	EPI_ISL_660606
394430	EPI_ISL_660608
394431	EPI_ISL_660609
394432	EPI_ISL_660610
394433	EPI_ISL_660611
394434	EPI_ISL_660612
394435	EPI_ISL_660613
394436	EPI_ISL_660614
394437	EPI_ISL_660615
394444	EPI_ISL_678594
394449	EPI_ISL_678572
394461	EPI_ISL_678567
394463	EPI_ISL_678595
394465	EPI_ISL_678596
394475	EPI_ISL_678571
394479	EPI_ISL_678597
394483	EPI_ISL_678570
394485	EPI_ISL_678625
394487	EPI_ISL_678626
394488	EPI_ISL_678627
394489	EPI_ISL_678628
394490	EPI_ISL_678629
394491	EPI_ISL_678630
394492	EPI_ISL_678631
394493	EPI_ISL_678632
394494	EPI_ISL_678633
394496	EPI_ISL_678634
394497	EPI_ISL_678575
394498	EPI_ISL_678635
394499	EPI_ISL_678636
394501	EPI_ISL_678638
394502	EPI_ISL_678639
394503	EPI_ISL_678640
394504	EPI_ISL_678641
394505	EPI_ISL_678642
394506	EPI_ISL_736936
394507	EPI_ISL_736961
394508	EPI_ISL_736937
394509	EPI_ISL_736962
394510	EPI_ISL_736963
394511	EPI_ISL_736964
394512	EPI_ISL_736965
394513	EPI_ISL_736969
394514	EPI_ISL_736938
394515	EPI_ISL_736970
394516	EPI_ISL_736971
394517	EPI_ISL_736972
394518	EPI_ISL_736973
394519	EPI_ISL_736974
394520	EPI_ISL_736975
394521	EPI_ISL_736976
394522	EPI_ISL_736977
394523	EPI_ISL_736978
394524	EPI_ISL_736979
394525	EPI_ISL_736980
394526	EPI_ISL_736953
394527	EPI_ISL_736954
394528	EPI_ISL_736955
394534	EPI_ISL_736956
394693	EPI_ISL_515809
395568	EPI_ISL_602895
395715	EPI_ISL_660185
395720	EPI_ISL_660190
395752	EPI_ISL_660222
395799	EPI_ISL_660629
395807	EPI_ISL_660637
395816	EPI_ISL_660646
395829	EPI_ISL_660659
395842	EPI_ISL_678643
395849	EPI_ISL_678604
395856	EPI_ISL_678611
395860	EPI_ISL_678615
395863	EPI_ISL_678618
395866	EPI_ISL_678621
395870	EPI_ISL_825090
395871	EPI_ISL_825091
395872	EPI_ISL_825092
395873	EPI_ISL_736957
395874	EPI_ISL_736958
395875	EPI_ISL_825093
395877	EPI_ISL_736959
395878	EPI_ISL_825095
395879	EPI_ISL_825096
395880	EPI_ISL_825097
395881	EPI_ISL_825098
395882	EPI_ISL_736960
395883	EPI_ISL_825099
395884	EPI_ISL_825100
395885	EPI_ISL_825101
395886	EPI_ISL_825102
395887	EPI_ISL_825103
395889	EPI_ISL_825105
395890	EPI_ISL_825106
395891	EPI_ISL_825107
395893	EPI_ISL_825109
395894	EPI_ISL_825110
395895	EPI_ISL_825111
395896	EPI_ISL_825112
395897	EPI_ISL_825113
395898	EPI_ISL_825114
395899	EPI_ISL_825115
395900	EPI_ISL_825116
395901	EPI_ISL_825117
395902	EPI_ISL_825118
395903	EPI_ISL_825119
395904	EPI_ISL_825120
395905	EPI_ISL_825121
395907	EPI_ISL_825123
395908	EPI_ISL_825124
395909	EPI_ISL_825125
395910	EPI_ISL_825126
395911	EPI_ISL_825127
395912	EPI_ISL_825128
395913	EPI_ISL_825129
395914	EPI_ISL_825130
395915	EPI_ISL_825131
395916	EPI_ISL_825132
395917	EPI_ISL_825133
395918	EPI_ISL_825134
395919	EPI_ISL_825135
395920	EPI_ISL_825136
395921	EPI_ISL_825137
395922	EPI_ISL_825138
395923	EPI_ISL_825139
395924	EPI_ISL_825457
395925	EPI_ISL_825476
395926	EPI_ISL_825455
395927	EPI_ISL_825452
395928	EPI_ISL_825450
395929	EPI_ISL_825447
395930	EPI_ISL_825449
395931	EPI_ISL_825456
395932	EPI_ISL_825451
395933	EPI_ISL_825477
395934	EPI_ISL_825478
395935	EPI_ISL_825454
395936	EPI_ISL_825446
395937	EPI_ISL_825453
395938	EPI_ISL_825448
395939	EPI_ISL_825472
395940	EPI_ISL_825474
395941	EPI_ISL_825486
395942	EPI_ISL_825488
395943	EPI_ISL_825481
395944	EPI_ISL_825485
395945	EPI_ISL_825473
395946	EPI_ISL_825479
395947	EPI_ISL_825484
395948	EPI_ISL_825482
395949	EPI_ISL_825487
395950	EPI_ISL_825480
395951	EPI_ISL_825483
395952	EPI_ISL_825469
395953	EPI_ISL_825470
395954	EPI_ISL_825467
395955	EPI_ISL_825460
395956	EPI_ISL_825465
395957	EPI_ISL_825468
395959	EPI_ISL_825466
395960	EPI_ISL_825461
395961	EPI_ISL_825462
395963	EPI_ISL_825458
395964	EPI_ISL_825463
395965	EPI_ISL_825464
395966	EPI_ISL_825471
395967	EPI_ISL_825443
395968	EPI_ISL_825442
395969	EPI_ISL_825444
395970	EPI_ISL_825445
395971	EPI_ISL_825441
395972	EPI_ISL_825439
395973	EPI_ISL_825440
395974	EPI_ISL_825438
395975	EPI_ISL_860554
395976	EPI_ISL_860555
395977	EPI_ISL_860556
395978	EPI_ISL_860557
395979	EPI_ISL_860558
395980	EPI_ISL_860559
395981	EPI_ISL_860560
395982	EPI_ISL_860561
395983	EPI_ISL_860562
395984	EPI_ISL_860563
395985	EPI_ISL_860564
395986	EPI_ISL_860553
395987	EPI_ISL_860565
395988	EPI_ISL_860566
395989	EPI_ISL_860567
395990	EPI_ISL_860568
395991	EPI_ISL_860569
395992	EPI_ISL_860570
395993	EPI_ISL_860571
395994	EPI_ISL_860572
395995	EPI_ISL_860573
395996	EPI_ISL_860574
395997	EPI_ISL_860575
395998	EPI_ISL_860576
395999	EPI_ISL_860577
396000	EPI_ISL_860578
396001	EPI_ISL_860579
396002	EPI_ISL_860580
396003	EPI_ISL_860581
396004	EPI_ISL_860582
396005	EPI_ISL_860583
396006	EPI_ISL_860584
396007	EPI_ISL_860585
396008	EPI_ISL_860586
396009	EPI_ISL_860587
396010	EPI_ISL_860588
396011	EPI_ISL_860589
396012	EPI_ISL_860590
396013	EPI_ISL_860591
396014	EPI_ISL_860592
396015	EPI_ISL_860593
396016	EPI_ISL_860594
396017	EPI_ISL_860595
396018	EPI_ISL_860596
396019	EPI_ISL_860597
396020	EPI_ISL_860598
396021	EPI_ISL_860599
396022	EPI_ISL_860600
396023	EPI_ISL_860601
396024	EPI_ISL_860602
396025	EPI_ISL_860603
396026	EPI_ISL_860604
396027	EPI_ISL_860605
396028	EPI_ISL_860606
396029	EPI_ISL_860607
396030	EPI_ISL_860608
396031	EPI_ISL_860609
396032	EPI_ISL_860610
396033	EPI_ISL_860611
396034	EPI_ISL_860612
396035	EPI_ISL_860613
396036	EPI_ISL_860614
396037	EPI_ISL_860615
396038	EPI_ISL_860616
396039	EPI_ISL_860617
396040	EPI_ISL_860618
396041	EPI_ISL_860619
396042	EPI_ISL_860620
396043	EPI_ISL_860621
396044	EPI_ISL_860622
396045	EPI_ISL_860623
396046	EPI_ISL_860624
396047	EPI_ISL_860625
396048	EPI_ISL_860626
396049	EPI_ISL_860627
396050	EPI_ISL_860628
396051	EPI_ISL_860629
396052	EPI_ISL_860630
396053	EPI_ISL_944129
396054	EPI_ISL_944140
396055	EPI_ISL_944126
396056	EPI_ISL_944141
396057	EPI_ISL_944142
396058	EPI_ISL_944143
396059	EPI_ISL_944130
396060	EPI_ISL_944144
396061	EPI_ISL_944145
396062	EPI_ISL_944138
396063	EPI_ISL_944146
396064	EPI_ISL_944147
396065	EPI_ISL_944132
396066	EPI_ISL_944148
396067	EPI_ISL_944149
396068	EPI_ISL_944150
396069	EPI_ISL_944151
396070	EPI_ISL_944133
396071	EPI_ISL_944125
396072	EPI_ISL_944124
396073	EPI_ISL_944127
396074	EPI_ISL_944152
396075	EPI_ISL_944153
396076	EPI_ISL_944154
396077	EPI_ISL_944155
396078	EPI_ISL_944139
396079	EPI_ISL_944156
396080	EPI_ISL_944157
396081	EPI_ISL_944131
396082	EPI_ISL_944128
396083	EPI_ISL_944158
396084	EPI_ISL_944159
396085	EPI_ISL_944160
396086	EPI_ISL_944161
396087	EPI_ISL_944162
396088	EPI_ISL_944163
396089	EPI_ISL_944164
396090	EPI_ISL_944165
396091	EPI_ISL_944134
396092	EPI_ISL_944166
396093	EPI_ISL_944167
396094	EPI_ISL_944168
396095	EPI_ISL_944135
396096	EPI_ISL_944169
396097	EPI_ISL_944170
396098	EPI_ISL_944171
396099	EPI_ISL_944136
396100	EPI_ISL_944172
396101	EPI_ISL_944137
396102	EPI_ISL_944173
396103	EPI_ISL_944174
396104	EPI_ISL_944175
396105	EPI_ISL_944176
396106	EPI_ISL_944177
396108	EPI_ISL_736930
396109	EPI_ISL_736966
396110	EPI_ISL_736967
396111	EPI_ISL_736968
396114	EPI_ISL_736981
396115	EPI_ISL_736982
396116	EPI_ISL_736939
396117	EPI_ISL_736983
396118	EPI_ISL_736928
396119	EPI_ISL_736929
396372	EPI_ISL_712080
396373	EPI_ISL_712086
396374	EPI_ISL_712076
396375	EPI_ISL_712085
396376	EPI_ISL_712088
396377	EPI_ISL_712095
396378	EPI_ISL_712082
396379	EPI_ISL_712070
396380	EPI_ISL_712083
396381	EPI_ISL_712075
396382	EPI_ISL_712091
396383	EPI_ISL_712096
396384	EPI_ISL_712074
396385	EPI_ISL_712072
396386	EPI_ISL_712079
396387	EPI_ISL_712090
396388	EPI_ISL_712087
396389	EPI_ISL_712089
396390	EPI_ISL_723468
396391	EPI_ISL_712084
396395	EPI_ISL_712071
396397	EPI_ISL_712073
396398	EPI_ISL_712081
396399	EPI_ISL_712094
396400	EPI_ISL_940075
396401	EPI_ISL_940076
396402	EPI_ISL_940077
396403	EPI_ISL_940078
396404	EPI_ISL_940079
396405	EPI_ISL_940080
396407	EPI_ISL_940082
396408	EPI_ISL_940083
396409	EPI_ISL_940084
396410	EPI_ISL_940085
396411	EPI_ISL_940086
396412	EPI_ISL_940087
396413	EPI_ISL_940088
396414	EPI_ISL_940089
396415	EPI_ISL_940090
396416	EPI_ISL_940091
396417	EPI_ISL_940092
396418	EPI_ISL_940093
396419	EPI_ISL_940094
396420	EPI_ISL_940095
396421	EPI_ISL_940096
396422	EPI_ISL_940097
396423	EPI_ISL_940098
396424	EPI_ISL_940099
396425	EPI_ISL_940100
396426	EPI_ISL_940101
396427	EPI_ISL_940102
396428	EPI_ISL_940103
396429	EPI_ISL_940104
396430	EPI_ISL_940105
396431	EPI_ISL_940106
396432	EPI_ISL_940107
396433	EPI_ISL_940108
396434	EPI_ISL_940109
396435	EPI_ISL_940110
396436	EPI_ISL_940111
396437	EPI_ISL_940112
396438	EPI_ISL_940113
396439	EPI_ISL_940114
396441	EPI_ISL_940116
396442	EPI_ISL_940117
396443	EPI_ISL_940118
396444	EPI_ISL_940119
396445	EPI_ISL_940120
396446	EPI_ISL_940121
396447	EPI_ISL_940122
396448	EPI_ISL_940123
396449	EPI_ISL_940124
396450	EPI_ISL_940125
396451	EPI_ISL_940126
396452	EPI_ISL_940127
396453	EPI_ISL_940128
396454	EPI_ISL_940129
396455	EPI_ISL_940130
396456	EPI_ISL_940131
396457	EPI_ISL_940132
396458	EPI_ISL_940133
396459	EPI_ISL_940134
396460	EPI_ISL_940135
396461	EPI_ISL_940136
396462	EPI_ISL_940137
396590	EPI_ISL_700478
396591	EPI_ISL_960134
396594	EPI_ISL_700451
396595	EPI_ISL_700452
396598	EPI_ISL_700581
396599	EPI_ISL_700438
396600	EPI_ISL_700460
396602	EPI_ISL_700587
396603	EPI_ISL_700482
396604	EPI_ISL_700483
396608	EPI_ISL_700510
396609	EPI_ISL_700469
396611	EPI_ISL_700450
396612	EPI_ISL_700535
396614	EPI_ISL_960142
396618	EPI_ISL_960136
396625	EPI_ISL_700492
396626	EPI_ISL_700441
396627	EPI_ISL_700551
396628	EPI_ISL_960139
396638	EPI_ISL_700435
396641	EPI_ISL_700590
396642	EPI_ISL_700498
396643	EPI_ISL_700563
396644	EPI_ISL_960127
396645	EPI_ISL_700539
396646	EPI_ISL_700424
396647	EPI_ISL_700428
396649	EPI_ISL_700540
396651	EPI_ISL_700464
396652	EPI_ISL_700431
396653	EPI_ISL_700504
396655	EPI_ISL_700487
396657	EPI_ISL_700554
396658	EPI_ISL_700467
396660	EPI_ISL_700439
396661	EPI_ISL_700496
396663	EPI_ISL_960119
396665	EPI_ISL_700461
396667	EPI_ISL_700449
396670	EPI_ISL_700500
396671	EPI_ISL_700458
396672	EPI_ISL_960123
396674	EPI_ISL_700579
396675	EPI_ISL_700422
396676	EPI_ISL_700426
396677	EPI_ISL_700444
396678	EPI_ISL_960116
396680	EPI_ISL_700433
396681	EPI_ISL_700529
396682	EPI_ISL_700531
396683	EPI_ISL_700440
396686	EPI_ISL_700432
396687	EPI_ISL_700550
396688	EPI_ISL_700490
396689	EPI_ISL_700425
396690	EPI_ISL_700502
396691	EPI_ISL_700445
396692	EPI_ISL_700430
396694	EPI_ISL_700429
396695	EPI_ISL_700419
396697	EPI_ISL_700442
396698	EPI_ISL_700541
396699	EPI_ISL_700434
396700	EPI_ISL_700485
396701	EPI_ISL_700505
396702	EPI_ISL_700542
396703	EPI_ISL_700423
396704	EPI_ISL_700524
396705	EPI_ISL_700436
396706	EPI_ISL_700437
396707	EPI_ISL_700456
396708	EPI_ISL_700443
396709	EPI_ISL_700470
396710	EPI_ISL_700427
396711	EPI_ISL_700420
396712	EPI_ISL_700475
396713	EPI_ISL_700520
396714	EPI_ISL_700589
396716	EPI_ISL_696460
396717	EPI_ISL_696489
396718	EPI_ISL_696454
396719	EPI_ISL_696474
396720	EPI_ISL_696472
396725	EPI_ISL_696470
396738	EPI_ISL_696475
396740	EPI_ISL_696485
396757	EPI_ISL_696466
396764	EPI_ISL_696461
396773	EPI_ISL_640121
396785	EPI_ISL_696452
396788	EPI_ISL_696455
396825	EPI_ISL_696471
396837	EPI_ISL_640138
396839	EPI_ISL_640089
396843	EPI_ISL_640091
396844	EPI_ISL_696481
396847	EPI_ISL_696473
396849	EPI_ISL_696459
396851	EPI_ISL_696453
396852	EPI_ISL_696456
396853	EPI_ISL_696488
396854	EPI_ISL_696487
396862	EPI_ISL_696490
396863	EPI_ISL_696458
396864	EPI_ISL_696469
396865	EPI_ISL_696478
396867	EPI_ISL_696476
396868	EPI_ISL_696477
396869	EPI_ISL_696467
396870	EPI_ISL_696465
396871	EPI_ISL_696463
396872	EPI_ISL_696491
396873	EPI_ISL_696457
396875	EPI_ISL_696482
396876	EPI_ISL_696484
396877	EPI_ISL_696486
396878	EPI_ISL_696483
396879	EPI_ISL_696479
396880	EPI_ISL_696500
396881	EPI_ISL_696499
396883	EPI_ISL_696520
396884	EPI_ISL_696521
396885	EPI_ISL_696501
396886	EPI_ISL_696507
396887	EPI_ISL_696512
396888	EPI_ISL_696497
396890	EPI_ISL_696496
396891	EPI_ISL_696494
396892	EPI_ISL_696493
396893	EPI_ISL_696519
396895	EPI_ISL_696518
396896	EPI_ISL_696498
396897	EPI_ISL_696517
396898	EPI_ISL_696510
396899	EPI_ISL_696516
396900	EPI_ISL_696515
396901	EPI_ISL_696514
396902	EPI_ISL_696513
396903	EPI_ISL_696492
396904	EPI_ISL_696504
396905	EPI_ISL_696503
396906	EPI_ISL_696506
396907	EPI_ISL_696495
396908	EPI_ISL_696505
396909	EPI_ISL_696502
396911	EPI_ISL_960107
396912	EPI_ISL_960112
396913	EPI_ISL_960110
396916	EPI_ISL_960099
396917	EPI_ISL_960102
396918	EPI_ISL_960103
396919	EPI_ISL_960104
396920	EPI_ISL_960111
396921	EPI_ISL_960101
396922	EPI_ISL_960100
396923	EPI_ISL_960105
396924	EPI_ISL_960094
396926	EPI_ISL_960098
396928	EPI_ISL_960095
396929	EPI_ISL_960096
397118	EPI_ISL_940140
397120	EPI_ISL_940142
397122	EPI_ISL_940067
397123	EPI_ISL_745138
397124	EPI_ISL_745151
397125	EPI_ISL_745137
397126	EPI_ISL_745124
397127	EPI_ISL_745152
397128	EPI_ISL_745143
397129	EPI_ISL_745142
397131	EPI_ISL_745121
397132	EPI_ISL_745154
397133	EPI_ISL_745113
397134	EPI_ISL_745155
397136	EPI_ISL_745156
397137	EPI_ISL_745132
397138	EPI_ISL_745139
397140	EPI_ISL_745157
397142	EPI_ISL_745158
397143	EPI_ISL_745134
397144	EPI_ISL_745159
397145	EPI_ISL_745118
397146	EPI_ISL_745112
397147	EPI_ISL_745135
397148	EPI_ISL_745144
397149	EPI_ISL_745130
397150	EPI_ISL_745160
397152	EPI_ISL_745161
397153	EPI_ISL_745110
397154	EPI_ISL_745125
397156	EPI_ISL_745163
397157	EPI_ISL_745111
397158	EPI_ISL_745120
397159	EPI_ISL_745145
397161	EPI_ISL_745164
397162	EPI_ISL_745109
397163	EPI_ISL_745165
397164	EPI_ISL_745117
397165	EPI_ISL_745146
397166	EPI_ISL_745119
397167	EPI_ISL_745122
397168	EPI_ISL_745115
397169	EPI_ISL_745123
397170	EPI_ISL_745166
397171	EPI_ISL_745114
397172	EPI_ISL_745167
397174	EPI_ISL_745169
397176	EPI_ISL_745170
397177	EPI_ISL_745171
397178	EPI_ISL_745172
397179	EPI_ISL_745173
397180	EPI_ISL_745174
397181	EPI_ISL_745175
397182	EPI_ISL_745176
397183	EPI_ISL_745177
397184	EPI_ISL_745178
397185	EPI_ISL_745127
397186	EPI_ISL_745136
397187	EPI_ISL_745179
397188	EPI_ISL_745133
397189	EPI_ISL_745131
397190	EPI_ISL_745147
397191	EPI_ISL_745180
397192	EPI_ISL_745148
397194	EPI_ISL_745149
397195	EPI_ISL_745181
397196	EPI_ISL_745182
397197	EPI_ISL_745183
397198	EPI_ISL_745184
397201	EPI_ISL_745186
397202	EPI_ISL_745150
397203	EPI_ISL_745153
397204	EPI_ISL_745128
397319	EPI_ISL_912491
397333	EPI_ISL_912490
397348	EPI_ISL_949632
397405	EPI_ISL_912493
397424	EPI_ISL_912492
397434	EPI_ISL_940880
397437	EPI_ISL_940852
397440	EPI_ISL_940883
397442	EPI_ISL_940857
397443	EPI_ISL_940862
397446	EPI_ISL_940888
397448	EPI_ISL_940891
397449	EPI_ISL_940890
397451	EPI_ISL_940889
397453	EPI_ISL_940884
397454	EPI_ISL_940886
397456	EPI_ISL_940864
397459	EPI_ISL_940853
397460	EPI_ISL_940881
397461	EPI_ISL_940863
397462	EPI_ISL_940858
397463	EPI_ISL_940882
397464	EPI_ISL_940859
397465	EPI_ISL_940856
397466	EPI_ISL_940879
397467	EPI_ISL_940885
397468	EPI_ISL_940887
397469	EPI_ISL_940878
397470	EPI_ISL_940877
397471	EPI_ISL_940861
398772	EPI_ISL_762992
398773	EPI_ISL_833249
399556	EPI_ISL_1007655
399557	EPI_ISL_1007656
399558	EPI_ISL_1007657
401750	EPI_ISL_962930
401751	EPI_ISL_962931
401752	EPI_ISL_962932
401754	EPI_ISL_1000972
401756	EPI_ISL_1000974
401767	EPI_ISL_962942
401806	EPI_ISL_962965
401811	EPI_ISL_962970
401814	EPI_ISL_962973
401857	EPI_ISL_918301
401894	EPI_ISL_1020573
401972	EPI_ISL_954180
403274	EPI_ISL_1012939
403353	EPI_ISL_510307
403399	EPI_ISL_848199
403438	EPI_ISL_467270
404244	EPI_ISL_985404
404246	EPI_ISL_985408
404247	EPI_ISL_985409
404302	EPI_ISL_530075
404303	EPI_ISL_530076
405908	EPI_ISL_912288
406352	EPI_ISL_871947
408468	EPI_ISL_657450
409503	EPI_ISL_766714
409517	EPI_ISL_766709
409928	EPI_ISL_476136
409940	EPI_ISL_510839
410467	EPI_ISL_913490
410471	EPI_ISL_913487
410476	EPI_ISL_913488
410477	EPI_ISL_913489
410784	EPI_ISL_1008400
410847	EPI_ISL_1008503
410894	EPI_ISL_1008559
410895	EPI_ISL_1008560
410896	EPI_ISL_1008561
410909	EPI_ISL_1008593
411929	EPI_ISL_1003576
411968	EPI_ISL_1001606
412038	EPI_ISL_1004133
412164	EPI_ISL_913445
413314	EPI_ISL_1001863
414152	EPI_ISL_721775
414207	EPI_ISL_728782
414208	EPI_ISL_728800
414779	EPI_ISL_1002349
414795	EPI_ISL_1003593
414827	EPI_ISL_1003653
414933	EPI_ISL_1004144
414984	EPI_ISL_860772
414992	EPI_ISL_942376
414993	EPI_ISL_942406
415122	EPI_ISL_528300
415193	EPI_ISL_931245
415253	EPI_ISL_1014692
415849	EPI_ISL_1005170
416005	EPI_ISL_910325
416401	EPI_ISL_1014691
416496	EPI_ISL_931120
416524	EPI_ISL_931168
416533	EPI_ISL_931180
416742	EPI_ISL_942515
416915	EPI_ISL_860255
416993	EPI_ISL_864621
417055	EPI_ISL_897713
417106	EPI_ISL_897700
417145	EPI_ISL_897698
417403	EPI_ISL_953809
417404	EPI_ISL_953808
417454	EPI_ISL_953850
417478	EPI_ISL_953663
417526	EPI_ISL_953881
417577	EPI_ISL_953916
417587	EPI_ISL_953918
417620	EPI_ISL_953933
417631	EPI_ISL_981724
417632	EPI_ISL_981725
417634	EPI_ISL_981727
417642	EPI_ISL_981706
417645	EPI_ISL_981732
417655	EPI_ISL_981707
417668	EPI_ISL_981747
417670	EPI_ISL_981749
417677	EPI_ISL_981708
417682	EPI_ISL_981709
417690	EPI_ISL_981757
417693	EPI_ISL_981660
417698	EPI_ISL_981761
417728	EPI_ISL_981776
417750	EPI_ISL_981782
417751	EPI_ISL_981783
417766	EPI_ISL_981789
417769	EPI_ISL_981790
417786	EPI_ISL_981799
417811	EPI_ISL_981710
417817	EPI_ISL_981808
417821	EPI_ISL_981810
417833	EPI_ISL_981813
417852	EPI_ISL_981711
417853	EPI_ISL_981712
417913	EPI_ISL_1040297
417927	EPI_ISL_1040383
417992	EPI_ISL_1040192
418013	EPI_ISL_1040362
418026	EPI_ISL_1040403
418030	EPI_ISL_1040363
418049	EPI_ISL_1040408
418396	EPI_ISL_1007603
418422	EPI_ISL_1007636
418549	EPI_ISL_1005013
418556	EPI_ISL_721818
418604	EPI_ISL_899553
419013	EPI_ISL_899175
419148	EPI_ISL_934981
419184	EPI_ISL_897605
420646	EPI_ISL_931326
420737	EPI_ISL_737488
420857	EPI_ISL_1002724
420858	EPI_ISL_1002722
420894	EPI_ISL_1003188
421422	EPI_ISL_1040359
421662	EPI_ISL_603283
421900	EPI_ISL_1004317
422198	EPI_ISL_953750
423896	EPI_ISL_1001864
424086	EPI_ISL_1001855
424099	EPI_ISL_1001602
424434	EPI_ISL_897714
424435	EPI_ISL_897604
424471	EPI_ISL_953671
424500	EPI_ISL_981828
424503	EPI_ISL_981713
424506	EPI_ISL_981714
424536	EPI_ISL_1040184
424567	EPI_ISL_737642
424608	EPI_ISL_896114
425212	EPI_ISL_981004
425215	EPI_ISL_1007658
425216	EPI_ISL_1007659
425815	EPI_ISL_939627
425923	EPI_ISL_1020479
425927	EPI_ISL_1020480
425928	EPI_ISL_1020481
425938	EPI_ISL_1020475
425986	EPI_ISL_1020482
425988	EPI_ISL_1020483
426609	EPI_ISL_1039732
426610	EPI_ISL_1039733
426613	EPI_ISL_1039735
426789	EPI_ISL_1021845
426820	EPI_ISL_1020959
429395	EPI_ISL_1026236
429887	EPI_ISL_850932
433294	EPI_ISL_1036757
433622	EPI_ISL_1036542
433713	EPI_ISL_765942
434292	EPI_ISL_494618
434502	EPI_ISL_512239
435652	EPI_ISL_666991
436094	EPI_ISL_878666
436680	EPI_ISL_887901
436706	EPI_ISL_887903
436777	EPI_ISL_1028941
437138	EPI_ISL_1038694
438632	EPI_ISL_754972
438878	EPI_ISL_753676
444599	EPI_ISL_1030378
444600	EPI_ISL_1030379
446259	EPI_ISL_980853
446632	EPI_ISL_833413
446719	EPI_ISL_892263
446752	EPI_ISL_905788
446894	EPI_ISL_1005532
447881	EPI_ISL_906972
448367	EPI_ISL_915250
448836	EPI_ISL_1009909
449233	EPI_ISL_1010305
449301	EPI_ISL_1010374
450140	EPI_ISL_1011223
450429	EPI_ISL_1011495
450688	EPI_ISL_1027033
451077	EPI_ISL_755195
451567	EPI_ISL_977974
451765	EPI_ISL_978119
452687	EPI_ISL_983859
452689	EPI_ISL_983860
452707	EPI_ISL_1038862
452721	EPI_ISL_954895
452762	EPI_ISL_1038872
453347	EPI_ISL_886531
453437	EPI_ISL_1032353
453462	EPI_ISL_1037436
453580	EPI_ISL_877199
454019	EPI_ISL_1038986
454032	EPI_ISL_1038998
454415	EPI_ISL_912167
454570	EPI_ISL_1030974
454588	EPI_ISL_1037366
454820	EPI_ISL_876662
455262	EPI_ISL_985296
455263	EPI_ISL_985297
455303	EPI_ISL_1009646
455312	EPI_ISL_1009654
455590	EPI_ISL_1030004
455620	EPI_ISL_1030000
455622	EPI_ISL_1030212
455628	EPI_ISL_1030181
455645	EPI_ISL_1030185
455664	EPI_ISL_1030005
455706	EPI_ISL_1029992
458289	EPI_ISL_848775
458910	EPI_ISL_886168
459078	EPI_ISL_1037458
459181	EPI_ISL_967184
459535	EPI_ISL_978746
459894	EPI_ISL_984300
460428	EPI_ISL_1028149
460462	EPI_ISL_1029708
460516	EPI_ISL_886384
460536	EPI_ISL_1026513
460544	EPI_ISL_1021370
460554	EPI_ISL_1021721
460685	EPI_ISL_1030951
460702	EPI_ISL_1030758
460830	EPI_ISL_1031020
460858	EPI_ISL_1031153
460943	EPI_ISL_1037897
461186	EPI_ISL_845768
462271	EPI_ISL_967768
462345	EPI_ISL_1026208
462444	EPI_ISL_806807
462446	EPI_ISL_806808
462815	EPI_ISL_913990
462816	EPI_ISL_911923
463190	EPI_ISL_1038202
464591	EPI_ISL_936743
464830	EPI_ISL_936986
464958	EPI_ISL_854460
465142	EPI_ISL_480361
465256	EPI_ISL_888376
465394	EPI_ISL_1031670
465404	EPI_ISL_1032278
465418	EPI_ISL_1032433
465430	EPI_ISL_1038135
465537	EPI_ISL_1016557
465542	EPI_ISL_802653
465822	EPI_ISL_893214
465829	EPI_ISL_955220
465933	EPI_ISL_1028077
466373	EPI_ISL_1027843
466410	EPI_ISL_886167
466412	EPI_ISL_886166
466429	EPI_ISL_1026097
466535	EPI_ISL_851030
466589	EPI_ISL_966324
467063	EPI_ISL_1031187
467130	EPI_ISL_802719
467135	EPI_ISL_850877
468355	EPI_ISL_1039662
469775	EPI_ISL_976949
469783	EPI_ISL_976957
469831	EPI_ISL_977006
469873	EPI_ISL_1011702
470080	EPI_ISL_1021527
470115	EPI_ISL_1031211
470125	EPI_ISL_1031173
470156	EPI_ISL_1037060
470163	EPI_ISL_1037681
470169	EPI_ISL_1038532
470193	EPI_ISL_967271
470347	EPI_ISL_593480
470348	EPI_ISL_593553
470921	EPI_ISL_692864
470922	EPI_ISL_692863
471167	EPI_ISL_876148
471419	EPI_ISL_965876
471423	EPI_ISL_965872
471424	EPI_ISL_965871
471488	EPI_ISL_1009769
472273	EPI_ISL_887152
472314	EPI_ISL_887155
472340	EPI_ISL_887157
472354	EPI_ISL_887159
472362	EPI_ISL_887160
472369	EPI_ISL_887161
472383	EPI_ISL_887162
472395	EPI_ISL_887163
472435	EPI_ISL_887164
472454	EPI_ISL_887165
472492	EPI_ISL_977102
472545	EPI_ISL_1011544
472649	EPI_ISL_877201
472677	EPI_ISL_854906
472769	EPI_ISL_877193
472770	EPI_ISL_877194
472776	EPI_ISL_877195
473015	EPI_ISL_887904
473130	EPI_ISL_1026668
473142	EPI_ISL_1026275
473146	EPI_ISL_886790
473154	EPI_ISL_886945
473164	EPI_ISL_1021452
473191	EPI_ISL_1021673
473192	EPI_ISL_1022327
473194	EPI_ISL_1021017
473211	EPI_ISL_1020730
473215	EPI_ISL_1020731
473248	EPI_ISL_1021598
473275	EPI_ISL_1020942
473280	EPI_ISL_1020695
473332	EPI_ISL_1031299
473333	EPI_ISL_1031521
473336	EPI_ISL_1030561
473367	EPI_ISL_1037265
473524	EPI_ISL_862036
473570	EPI_ISL_860982
473586	EPI_ISL_862037
473608	EPI_ISL_861019
473641	EPI_ISL_861051
473645	EPI_ISL_862038
473667	EPI_ISL_861076
473728	EPI_ISL_887571
473741	EPI_ISL_887577
473765	EPI_ISL_887561
473773	EPI_ISL_887564
473779	EPI_ISL_911760
473780	EPI_ISL_911761
473782	EPI_ISL_911763
473786	EPI_ISL_911767
473790	EPI_ISL_911771
473805	EPI_ISL_911786
473815	EPI_ISL_911797
473844	EPI_ISL_911823
473860	EPI_ISL_911840
473862	EPI_ISL_911842
473865	EPI_ISL_911845
473877	EPI_ISL_911857
473880	EPI_ISL_911860
473881	EPI_ISL_890360
473892	EPI_ISL_911871
473894	EPI_ISL_911874
473912	EPI_ISL_911891
473919	EPI_ISL_911897
473934	EPI_ISL_911912
473936	EPI_ISL_911914
473960	EPI_ISL_981152
473985	EPI_ISL_981122
473989	EPI_ISL_981081
473990	EPI_ISL_981076
474017	EPI_ISL_981127
474023	EPI_ISL_981154
474039	EPI_ISL_981163
474042	EPI_ISL_981097
474047	EPI_ISL_981088
474049	EPI_ISL_981132
474065	EPI_ISL_981197
474066	EPI_ISL_981166
474068	EPI_ISL_1036304
474069	EPI_ISL_1036299
474074	EPI_ISL_1036300
474099	EPI_ISL_1036274
474105	EPI_ISL_1036328
474114	EPI_ISL_1036277
474121	EPI_ISL_1036338
474127	EPI_ISL_1036298
474139	EPI_ISL_1036282
474144	EPI_ISL_1036301
474147	EPI_ISL_1036302
474157	EPI_ISL_1036370
474236	EPI_ISL_791414
474248	EPI_ISL_791426
474249	EPI_ISL_791427
474288	EPI_ISL_791346
474792	EPI_ISL_778908
474924	EPI_ISL_883003
474951	EPI_ISL_902933
474959	EPI_ISL_914708
475000	EPI_ISL_931489
475046	EPI_ISL_942353
475069	EPI_ISL_955109
475082	EPI_ISL_955108
475083	EPI_ISL_955110
475085	EPI_ISL_955107
475092	EPI_ISL_1015571
475112	EPI_ISL_1015575
475168	EPI_ISL_1015644
475170	EPI_ISL_1015618
475185	EPI_ISL_1038801
475190	EPI_ISL_1038806
475193	EPI_ISL_1038809
475209	EPI_ISL_1038825
476117	EPI_ISL_937408
476152	EPI_ISL_937443
476153	EPI_ISL_937444
476186	EPI_ISL_937477
476242	EPI_ISL_966800
479715	EPI_ISL_961480
479849	EPI_ISL_1008841
479850	EPI_ISL_1008842
480177	EPI_ISL_915327
482066	EPI_ISL_888669
482856	EPI_ISL_967234
482995	EPI_ISL_830649
482998	EPI_ISL_861473
482999	EPI_ISL_861472
484126	EPI_ISL_683720
484432	EPI_ISL_873257
484441	EPI_ISL_873266
484595	EPI_ISL_913575
484607	EPI_ISL_913587
484746	EPI_ISL_983650
484747	EPI_ISL_983651
484748	EPI_ISL_983652
485457	EPI_ISL_1038736
485554	EPI_ISL_1036803
485728	EPI_ISL_1032088
485832	EPI_ISL_1009196
486098	EPI_ISL_1028670
486260	EPI_ISL_1021593
486265	EPI_ISL_1021552
486291	EPI_ISL_1021009
486305	EPI_ISL_1021175
486334	EPI_ISL_1020648
486423	EPI_ISL_1020592
486505	EPI_ISL_1031731
486549	EPI_ISL_1031839
486571	EPI_ISL_1031194
486620	EPI_ISL_1031009
486703	EPI_ISL_1037275
486763	EPI_ISL_1037609
486800	EPI_ISL_967223
486832	EPI_ISL_966711
486858	EPI_ISL_1016676
486880	EPI_ISL_850561
487020	EPI_ISL_861452
487456	EPI_ISL_903623
487545	EPI_ISL_1035870
487561	EPI_ISL_1035850
487565	EPI_ISL_1035854
487586	EPI_ISL_831768
487986	EPI_ISL_1021478
488117	EPI_ISL_887902
488176	EPI_ISL_1028319
488253	EPI_ISL_886626
488302	EPI_ISL_1021608
488334	EPI_ISL_1020964
488357	EPI_ISL_1021764
488397	EPI_ISL_1031197
488445	EPI_ISL_1031584
488448	EPI_ISL_1031214
488459	EPI_ISL_1037971
488466	EPI_ISL_1037481
488469	EPI_ISL_1037595
488479	EPI_ISL_1037953
488505	EPI_ISL_1037134
488518	EPI_ISL_1037399
488549	EPI_ISL_850743
488833	EPI_ISL_1026189
488918	EPI_ISL_1032418
488943	EPI_ISL_1037523
489394	EPI_ISL_925216
489411	EPI_ISL_925233
489431	EPI_ISL_925253
489437	EPI_ISL_904083
489461	EPI_ISL_904096
490588	EPI_ISL_862670
491196	EPI_ISL_903554
491689	EPI_ISL_1037650
492119	EPI_ISL_801972
493441	EPI_ISL_683969
493887	EPI_ISL_832289
493945	EPI_ISL_832270
493960	EPI_ISL_832271
494029	EPI_ISL_857240
494081	EPI_ISL_857204
494120	EPI_ISL_857056
494226	EPI_ISL_857163
494251	EPI_ISL_857164
494256	EPI_ISL_883348
494267	EPI_ISL_883338
494286	EPI_ISL_883314
494299	EPI_ISL_883340
494302	EPI_ISL_883341
494303	EPI_ISL_883342
494304	EPI_ISL_883343
494344	EPI_ISL_883345
494430	EPI_ISL_937190
494431	EPI_ISL_937191
494432	EPI_ISL_937192
494451	EPI_ISL_937211
494455	EPI_ISL_937215
494456	EPI_ISL_937216
494458	EPI_ISL_937218
494474	EPI_ISL_937234
494486	EPI_ISL_937246
494487	EPI_ISL_937247
494495	EPI_ISL_937255
494498	EPI_ISL_966425
494509	EPI_ISL_966426
494512	EPI_ISL_937258
494517	EPI_ISL_937263
494519	EPI_ISL_937265
494526	EPI_ISL_937272
494534	EPI_ISL_966421
494536	EPI_ISL_966422
494551	EPI_ISL_966415
494559	EPI_ISL_966416
494570	EPI_ISL_966413
494574	EPI_ISL_966414
494588	EPI_ISL_966427
494602	EPI_ISL_966418
494620	EPI_ISL_966411
494625	EPI_ISL_1017970
494637	EPI_ISL_1017982
494639	EPI_ISL_1017984
494645	EPI_ISL_1017990
494667	EPI_ISL_1018012
494668	EPI_ISL_1018013
494677	EPI_ISL_1018022
494680	EPI_ISL_1018025
494683	EPI_ISL_1018028
494684	EPI_ISL_1018029
495692	EPI_ISL_984774
495698	EPI_ISL_984771
495709	EPI_ISL_984819
495740	EPI_ISL_984835
495752	EPI_ISL_984818
495779	EPI_ISL_984870
495780	EPI_ISL_984871
495790	EPI_ISL_984897
495793	EPI_ISL_984883
495806	EPI_ISL_984889
495809	EPI_ISL_984898
495814	EPI_ISL_984893
495816	EPI_ISL_984899
495819	EPI_ISL_984947
495820	EPI_ISL_984943
495821	EPI_ISL_984928
495825	EPI_ISL_984929
495827	EPI_ISL_984927
495835	EPI_ISL_984930
495858	EPI_ISL_994803
495859	EPI_ISL_994804
495874	EPI_ISL_994819
495885	EPI_ISL_994830
495890	EPI_ISL_994835
495893	EPI_ISL_994838
495894	EPI_ISL_994839
495896	EPI_ISL_994841
495903	EPI_ISL_994848
495908	EPI_ISL_994853
495923	EPI_ISL_994868
495927	EPI_ISL_994872
495938	EPI_ISL_994883
495940	EPI_ISL_994885
495941	EPI_ISL_994886
495942	EPI_ISL_994887
495958	EPI_ISL_994903
495961	EPI_ISL_994906
495983	EPI_ISL_994928
495984	EPI_ISL_994929
495998	EPI_ISL_994943
496001	EPI_ISL_994946
496007	EPI_ISL_994952
496013	EPI_ISL_994958
496016	EPI_ISL_994961
496023	EPI_ISL_994968
496025	EPI_ISL_994970
496029	EPI_ISL_994974
496030	EPI_ISL_994975
496031	EPI_ISL_994976
496040	EPI_ISL_994985
496044	EPI_ISL_994989
496056	EPI_ISL_995001
496057	EPI_ISL_995002
496059	EPI_ISL_995004
496065	EPI_ISL_995010
496070	EPI_ISL_995015
496075	EPI_ISL_995020
496078	EPI_ISL_995023
496079	EPI_ISL_995024
496080	EPI_ISL_995025
496087	EPI_ISL_995032
496092	EPI_ISL_995037
496095	EPI_ISL_995040
496096	EPI_ISL_995041
496097	EPI_ISL_995042
496101	EPI_ISL_995046
496103	EPI_ISL_995048
496111	EPI_ISL_995056
496112	EPI_ISL_995057
496117	EPI_ISL_995062
496123	EPI_ISL_995068
496124	EPI_ISL_995069
496125	EPI_ISL_995070
496138	EPI_ISL_995083
496144	EPI_ISL_995089
496150	EPI_ISL_995095
496160	EPI_ISL_995105
496168	EPI_ISL_995113
496193	EPI_ISL_995138
496195	EPI_ISL_995140
496199	EPI_ISL_995144
496201	EPI_ISL_995146
496211	EPI_ISL_995156
496212	EPI_ISL_995157
496832	EPI_ISL_915343
497109	EPI_ISL_1009477
497162	EPI_ISL_1009535
497187	EPI_ISL_1009564
497188	EPI_ISL_1009565
497205	EPI_ISL_1009573
497232	EPI_ISL_1009607
497239	EPI_ISL_1009610
498189	EPI_ISL_884080
498311	EPI_ISL_830577
498313	EPI_ISL_830578
498386	EPI_ISL_830679
498387	EPI_ISL_830680
498482	EPI_ISL_861244
498496	EPI_ISL_861258
498516	EPI_ISL_861278
498523	EPI_ISL_861285
498538	EPI_ISL_861300
498546	EPI_ISL_861308
498553	EPI_ISL_861315
498577	EPI_ISL_854459
498618	EPI_ISL_854457
498713	EPI_ISL_854386
498720	EPI_ISL_854403
498828	EPI_ISL_861189
498870	EPI_ISL_896416
498941	EPI_ISL_896394
498946	EPI_ISL_896395
498958	EPI_ISL_1015681
498961	EPI_ISL_1015698
498964	EPI_ISL_884040
499021	EPI_ISL_1020518
499037	EPI_ISL_1020489
499039	EPI_ISL_1020490
499058	EPI_ISL_1020514
499081	EPI_ISL_936036
499083	EPI_ISL_936038
499185	EPI_ISL_983250
499225	EPI_ISL_983285
499324	EPI_ISL_983114
499396	EPI_ISL_982458
499403	EPI_ISL_982465
499405	EPI_ISL_982467
499421	EPI_ISL_982483
499525	EPI_ISL_1016435
499535	EPI_ISL_1016444
499596	EPI_ISL_1016417
499727	EPI_ISL_896495
499895	EPI_ISL_896233
499951	EPI_ISL_896284
499965	EPI_ISL_936248
499971	EPI_ISL_936254
499978	EPI_ISL_936261
500002	EPI_ISL_936285
500005	EPI_ISL_936288
500008	EPI_ISL_936291
500009	EPI_ISL_936292
500055	EPI_ISL_936137
500106	EPI_ISL_1016323
500107	EPI_ISL_1016324
500123	EPI_ISL_1016270
500171	EPI_ISL_1016271
500201	EPI_ISL_983468
500225	EPI_ISL_983475
500252	EPI_ISL_1016122
500288	EPI_ISL_1016158
500303	EPI_ISL_1016174
500306	EPI_ISL_1016177
500311	EPI_ISL_1016182
500312	EPI_ISL_1016183
500314	EPI_ISL_1016185
500315	EPI_ISL_1016186
500320	EPI_ISL_1016191
500326	EPI_ISL_1016197
500335	EPI_ISL_1016206
500338	EPI_ISL_1016209
500357	EPI_ISL_1016228
500362	EPI_ISL_1016233
500380	EPI_ISL_1016251
500383	EPI_ISL_1016254
501248	EPI_ISL_765494
501276	EPI_ISL_765495
502104	EPI_ISL_1022355
502112	EPI_ISL_1021262
502130	EPI_ISL_1030823
502174	EPI_ISL_1038733
502228	EPI_ISL_1000967
502863	EPI_ISL_982662
502895	EPI_ISL_1036809
502989	EPI_ISL_903758
503087	EPI_ISL_1037905
503185	EPI_ISL_914039
503261	EPI_ISL_903649
504135	EPI_ISL_832412
504143	EPI_ISL_667287
504155	EPI_ISL_667301
505026	EPI_ISL_905952
505100	EPI_ISL_906030
505597	EPI_ISL_1036266
505691	EPI_ISL_887695
505893	EPI_ISL_886810
506629	EPI_ISL_886169
506759	EPI_ISL_966698
506888	EPI_ISL_977057
506892	EPI_ISL_977061
506893	EPI_ISL_977062
506902	EPI_ISL_977071
506907	EPI_ISL_977076
507016	EPI_ISL_1021945
507028	EPI_ISL_1021524
507039	EPI_ISL_1037587
507078	EPI_ISL_855171
507184	EPI_ISL_912195
507222	EPI_ISL_1021694
507237	EPI_ISL_1020973
507267	EPI_ISL_1020668
507268	EPI_ISL_1020702
507269	EPI_ISL_1020761
507284	EPI_ISL_1031446
507303	EPI_ISL_1030608
507305	EPI_ISL_1030568
507306	EPI_ISL_1031964
507331	EPI_ISL_1037789
507350	EPI_ISL_967253
507355	EPI_ISL_966736
507366	EPI_ISL_1016568
507416	EPI_ISL_873180
507617	EPI_ISL_1036882
507647	EPI_ISL_1036924
507799	EPI_ISL_831794
507932	EPI_ISL_1021061
507933	EPI_ISL_1020961
508058	EPI_ISL_884659
508290	EPI_ISL_1026825
508352	EPI_ISL_1031316
508398	EPI_ISL_1036973
508421	EPI_ISL_967869
508462	EPI_ISL_967002
508512	EPI_ISL_850639
510621	EPI_ISL_925079
510661	EPI_ISL_961175
510662	EPI_ISL_961171
510706	EPI_ISL_978310
511000	EPI_ISL_935750
511456	EPI_ISL_542855
524081	EPI_ISL_855177
524151	EPI_ISL_903564
525724	EPI_ISL_1026329
525767	EPI_ISL_1022386
525813	EPI_ISL_1037670
525869	EPI_ISL_967314
525996	EPI_ISL_604182
527128	EPI_ISL_605218
528033	EPI_ISL_746426
528038	EPI_ISL_746427
528118	EPI_ISL_746431
528483	EPI_ISL_746198
528525	EPI_ISL_746446
528865	EPI_ISL_746462
529210	EPI_ISL_849231
529496	EPI_ISL_943861
529831	EPI_ISL_849212
529872	EPI_ISL_849239
529982	EPI_ISL_943848
530048	EPI_ISL_943915
530101	EPI_ISL_849251
530141	EPI_ISL_802904
530215	EPI_ISL_930677
530250	EPI_ISL_930741
530252	EPI_ISL_930740
530265	EPI_ISL_931562
530346	EPI_ISL_983407
530394	EPI_ISL_930690
530461	EPI_ISL_888383
530538	EPI_ISL_1029259
530609	EPI_ISL_1026108
530639	EPI_ISL_886823
530651	EPI_ISL_1021637
530656	EPI_ISL_1021355
530684	EPI_ISL_1020815
530690	EPI_ISL_1020787
530703	EPI_ISL_1021421
530705	EPI_ISL_1021113
530708	EPI_ISL_1020955
530711	EPI_ISL_1021052
530735	EPI_ISL_1020661
530740	EPI_ISL_1020700
530765	EPI_ISL_1020886
530767	EPI_ISL_1020602
530776	EPI_ISL_1021967
530781	EPI_ISL_1021785
530809	EPI_ISL_1020608
530810	EPI_ISL_1020609
530823	EPI_ISL_1032012
530824	EPI_ISL_1031046
530826	EPI_ISL_1031542
530833	EPI_ISL_1032014
530839	EPI_ISL_1032017
530851	EPI_ISL_1031512
530852	EPI_ISL_1032022
530866	EPI_ISL_1030944
530883	EPI_ISL_1032063
530935	EPI_ISL_1031462
530946	EPI_ISL_1031730
530952	EPI_ISL_1031935
530953	EPI_ISL_1031379
530957	EPI_ISL_1031366
530960	EPI_ISL_1031937
530962	EPI_ISL_1030551
530971	EPI_ISL_1031538
530980	EPI_ISL_1031249
531010	EPI_ISL_1031986
531013	EPI_ISL_1031744
531074	EPI_ISL_1030701
531075	EPI_ISL_1030546
531100	EPI_ISL_1030576
531102	EPI_ISL_1031501
531115	EPI_ISL_1038143
531117	EPI_ISL_1037542
531162	EPI_ISL_1038648
531170	EPI_ISL_1038425
532731	EPI_ISL_677211
532732	EPI_ISL_677212
532735	EPI_ISL_723494
532854	EPI_ISL_925204
532932	EPI_ISL_942395
533091	EPI_ISL_960212
533109	EPI_ISL_940840
533115	EPI_ISL_965215
533173	EPI_ISL_978226
533295	EPI_ISL_966962
533310	EPI_ISL_1026609
533347	EPI_ISL_903972
533530	EPI_ISL_1037296
536394	EPI_ISL_849386
536477	EPI_ISL_849418
536482	EPI_ISL_849428
537355	EPI_ISL_962315
537839	EPI_ISL_1016005
539860	EPI_ISL_735478
539900	EPI_ISL_737097
539902	EPI_ISL_737099
540417	EPI_ISL_837506
540536	EPI_ISL_1040011
540537	EPI_ISL_1040012
540546	EPI_ISL_1040021
542441	EPI_ISL_861474
542442	EPI_ISL_861475
542515	EPI_ISL_906146
544251	EPI_ISL_779371
544365	EPI_ISL_791161
544385	EPI_ISL_791177
544482	EPI_ISL_831486
544961	EPI_ISL_1017788
545063	EPI_ISL_1017760
545181	EPI_ISL_1039903
547783	EPI_ISL_984215
547946	EPI_ISL_1020900
547969	EPI_ISL_1037801
548279	EPI_ISL_765976
548337	EPI_ISL_1009268
548439	EPI_ISL_766785
548551	EPI_ISL_1032610
548770	EPI_ISL_819230
548934	EPI_ISL_1017875
551799	EPI_ISL_860029
551805	EPI_ISL_860035
551814	EPI_ISL_860044
551834	EPI_ISL_860064
551841	EPI_ISL_860071
551846	EPI_ISL_860076
551859	EPI_ISL_860088
552567	EPI_ISL_879765
553021	EPI_ISL_991220
553192	EPI_ISL_1012736
557085	EPI_ISL_472846
557404	EPI_ISL_473042
557417	EPI_ISL_473071
558367	EPI_ISL_494170
558391	EPI_ISL_494194
558438	EPI_ISL_494240
558455	EPI_ISL_494256
558478	EPI_ISL_494279
558510	EPI_ISL_494311
558534	EPI_ISL_494335
558547	EPI_ISL_494348
558551	EPI_ISL_494352
558813	EPI_ISL_529297
565707	EPI_ISL_639048
573677	EPI_ISL_814332
575239	EPI_ISL_822694
575811	EPI_ISL_840841
575866	EPI_ISL_840918
576115	EPI_ISL_841234
576600	EPI_ISL_867270
576810	EPI_ISL_867497
576932	EPI_ISL_867681
576933	EPI_ISL_867682
577013	EPI_ISL_867834
577368	EPI_ISL_922759
577544	EPI_ISL_922965
577545	EPI_ISL_922966
578729	EPI_ISL_1000078
579690	EPI_ISL_977336
579691	EPI_ISL_977337
579693	EPI_ISL_977286
579694	EPI_ISL_977259
579695	EPI_ISL_977338
579696	EPI_ISL_977339
579697	EPI_ISL_977340
579698	EPI_ISL_977341
579699	EPI_ISL_977287
579700	EPI_ISL_977288
579701	EPI_ISL_977290
579702	EPI_ISL_977342
579703	EPI_ISL_977274
579704	EPI_ISL_977343
579705	EPI_ISL_977291
579706	EPI_ISL_977289
579707	EPI_ISL_977344
579708	EPI_ISL_977345
579709	EPI_ISL_977346
579710	EPI_ISL_977292
579711	EPI_ISL_977278
579712	EPI_ISL_977347
579713	EPI_ISL_977348
579714	EPI_ISL_977349
579716	EPI_ISL_977270
579717	EPI_ISL_977350
579718	EPI_ISL_977351
579719	EPI_ISL_977334
579722	EPI_ISL_977352
579723	EPI_ISL_977353
579724	EPI_ISL_977354
579841	EPI_ISL_402131
579842	EPI_ISL_412976
